search_term,decision,recommended_action,campaign,ad_group,suggested_ad_group,clicks,impressions,cost,conversions,reason,client_prompt
emdr therapy markham,Focus,Add as phrase keyword,ARC - Search - Services,Therapy - EMDR,Therapy - EMDR,2.0,3.0,10.04,1.0,Conversion signal plus clear therapy-service intent.,"Reply Focus, Keep, or Exclude."
emdr therapy toronto,Focus,Add as phrase keyword,ARC - Search - Services,Therapy - EMDR,Therapy - EMDR,6.0,60.0,46.9,0.0,Multiple clicks with clear therapy-service intent and no obvious exclusion pattern.,"Reply Focus, Keep, or Exclude."
chronic pain psychologist near me,Focus,Add as phrase keyword,ARC - Search - Services,Therapy - Chronic Pain,Therapy - Chronic Pain,2.0,2.0,3.7,0.0,Multiple clicks with clear therapy-service intent and no obvious exclusion pattern.,"Reply Focus, Keep, or Exclude."
the pain clinic toronto,Exclude,Do not stage yet,ARC - Search - Services,Therapy - Chronic Pain,Therapy - Chronic Pain,2.0,11.0,34.31,0.0,"Likely non-service, provider, institution, supplement, procedure, or clinic-seeking intent.","Reply Focus, Keep, or Exclude."
best pain clinic toronto,Exclude,Do not stage yet,ARC - Search - Services,Therapy - Chronic Pain,Therapy - Chronic Pain,2.0,6.0,22.12,0.0,"Likely non-service, provider, institution, supplement, procedure, or clinic-seeking intent.","Reply Focus, Keep, or Exclude."
interventional pain & spine specialists of canada 1262 don mills rd 62 north york on m3b 2w7,Exclude,Do not stage yet,ARC - Search - Services,Therapy - Chronic Pain,Therapy - Chronic Pain,2.0,2.0,5.5,0.0,"Likely non-service, provider, institution, supplement, procedure, or clinic-seeking intent.","Reply Focus, Keep, or Exclude."
wasser pain clinic toronto,Exclude,Do not stage yet,ARC - Search - Services,Therapy - Chronic Pain,Therapy - Chronic Pain,2.0,1.0,11.18,0.0,"Likely non-service, provider, institution, supplement, procedure, or clinic-seeking intent.","Reply Focus, Keep, or Exclude."
ibs treatment,Review,"Client to mark Focus, Keep, or Exclude",ARC - Search - Services,Therapy - IBS & Gut Health,Therapy - IBS & Gut Health,1.0,14.0,1.29,0.0,"Relevant service intent with early engagement, but not enough evidence to stage automatically.","Reply Focus, Keep, or Exclude."
chronic pain specialist,Exclude,Do not stage yet,ARC - Search - Services,Therapy - Chronic Pain,Therapy - Chronic Pain,1.0,9.0,1.0,0.0,"Likely non-service, provider, institution, supplement, procedure, or clinic-seeking intent.","Reply Focus, Keep, or Exclude."
pain reprocessing therapy toronto,Review,"Client to mark Focus, Keep, or Exclude",ARC - Search - Services,Therapy - Chronic Pain,Therapy - Chronic Pain,1.0,9.0,2.63,0.0,Geo-modified service term. Confirm whether this city and service should become an active focus.,"Reply Focus, Keep, or Exclude."
emdr therapy scarborough,Review,"Client to mark Focus, Keep, or Exclude",ARC - Search - Services,Therapy - EMDR,Therapy - EMDR,1.0,6.0,4.56,0.0,Geo-modified service term. Confirm whether this city and service should become an active focus.,"Reply Focus, Keep, or Exclude."
ibs homeopathy treatment,Review,"Client to mark Focus, Keep, or Exclude",ARC - Search - Services,Therapy - IBS & Gut Health,Therapy - IBS & Gut Health,1.0,6.0,4.0,0.0,"Relevant service intent with early engagement, but not enough evidence to stage automatically.","Reply Focus, Keep, or Exclude."
pain clinic,Exclude,Do not stage yet,ARC - Search - Services,Therapy - Chronic Pain,Therapy - Chronic Pain,1.0,6.0,1.92,0.0,"Likely non-service, provider, institution, supplement, procedure, or clinic-seeking intent.","Reply Focus, Keep, or Exclude."
211 toronto mental health,Exclude,Do not stage yet,ARC - Search - Services,Therapy - Chronic Illness,Therapy - Chronic Illness,1.0,5.0,2.01,0.0,"Likely non-service, provider, institution, supplement, procedure, or clinic-seeking intent.","Reply Focus, Keep, or Exclude."
dr sarno,Keep,Continue observing,ARC - Search - Services,Therapy - Chronic Pain,Therapy - Chronic Pain,1.0,5.0,1.59,0.0,Low-risk exploratory query with no urgent action from this report.,"Reply Focus, Keep, or Exclude."
trigger point injections near me,Exclude,Do not stage yet,ARC - Search - Services,Therapy - Chronic Pain,Therapy - Chronic Pain,1.0,4.0,1.78,0.0,"Likely non-service, provider, institution, supplement, procedure, or clinic-seeking intent.","Reply Focus, Keep, or Exclude."
emdr toronto,Review,"Client to mark Focus, Keep, or Exclude",ARC - Search - Services,Therapy - EMDR,Therapy - EMDR,1.0,3.0,13.42,0.0,Geo-modified service term. Confirm whether this city and service should become an active focus.,"Reply Focus, Keep, or Exclude."
fibromyalgia counselling,Review,"Client to mark Focus, Keep, or Exclude",ARC - Search - Services,Therapy - Chronic Pain,Therapy - Chronic Pain,1.0,3.0,3.5,0.0,"Relevant service intent with early engagement, but not enough evidence to stage automatically.","Reply Focus, Keep, or Exclude."
dr khetani pain clinic,Exclude,Do not stage yet,ARC - Search - Services,Therapy - Chronic Pain,Therapy - Chronic Pain,1.0,2.0,12.21,0.0,"Likely non-service, provider, institution, supplement, procedure, or clinic-seeking intent.","Reply Focus, Keep, or Exclude."
emdr near me,Review,"Client to mark Focus, Keep, or Exclude",ARC - Search - Services,Therapy - EMDR,Therapy - EMDR,1.0,2.0,19.78,0.0,"Relevant service intent with early engagement, but not enough evidence to stage automatically.","Reply Focus, Keep, or Exclude."
emdr online,Review,"Client to mark Focus, Keep, or Exclude",ARC - Search - Services,Therapy - EMDR,Therapy - EMDR,1.0,2.0,3.72,0.0,"Relevant service intent with early engagement, but not enough evidence to stage automatically.","Reply Focus, Keep, or Exclude."
emdr therapist near me,Review,"Client to mark Focus, Keep, or Exclude",ARC - Search - Services,Therapy - EMDR,Therapy - EMDR,1.0,2.0,7.87,0.0,"Relevant service intent with early engagement, but not enough evidence to stage automatically.","Reply Focus, Keep, or Exclude."
gut directed hypnotherapy near me,Review,"Client to mark Focus, Keep, or Exclude",ARC - Search - Services,Therapy - IBS & Gut Health,Therapy - IBS & Gut Health,1.0,2.0,2.04,0.0,"Relevant service intent with early engagement, but not enough evidence to stage automatically.","Reply Focus, Keep, or Exclude."
jacobs pain clinic markham,Exclude,Do not stage yet,ARC - Search - Services,Therapy - Chronic Pain,Therapy - Chronic Pain,1.0,2.0,3.01,0.0,"Likely non-service, provider, institution, supplement, procedure, or clinic-seeking intent.","Reply Focus, Keep, or Exclude."
kopi pain clinic kingston,Exclude,Do not stage yet,ARC - Search - Services,Therapy - Chronic Pain,Therapy - Chronic Pain,1.0,2.0,2.95,0.0,"Likely non-service, provider, institution, supplement, procedure, or clinic-seeking intent.","Reply Focus, Keep, or Exclude."
pain specialist toronto,Exclude,Do not stage yet,ARC - Search - Services,Therapy - Chronic Pain,Therapy - Chronic Pain,1.0,2.0,3.58,0.0,"Likely non-service, provider, institution, supplement, procedure, or clinic-seeking intent.","Reply Focus, Keep, or Exclude."
trauma hypnotherapy,Review,"Client to mark Focus, Keep, or Exclude",ARC - Search - Services,Therapy - Trauma & PTSD,Therapy - Trauma & PTSD,1.0,2.0,1.41,0.0,"Relevant service intent with early engagement, but not enough evidence to stage automatically.","Reply Focus, Keep, or Exclude."
childhood trauma therapist toronto,Review,"Client to mark Focus, Keep, or Exclude",ARC - Search - Services,Therapy - Trauma & PTSD,Therapy - Trauma & PTSD,1.0,1.0,11.28,0.0,Geo-modified service term. Confirm whether this city and service should become an active focus.,"Reply Focus, Keep, or Exclude."
hf care asian mental health and well being north york,Exclude,Do not stage yet,ARC - Search - Services,Therapy - Chronic Illness,Therapy - Chronic Illness,1.0,1.0,4.44,0.0,"Likely non-service, provider, institution, supplement, procedure, or clinic-seeking intent.","Reply Focus, Keep, or Exclude."
ibs flare up treatment,Review,"Client to mark Focus, Keep, or Exclude",ARC - Search - Services,Therapy - IBS & Gut Health,Therapy - IBS & Gut Health,1.0,1.0,5.98,0.0,"Relevant service intent with early engagement, but not enough evidence to stage automatically.","Reply Focus, Keep, or Exclude."
inpatient trauma treatment ontario,Review,"Client to mark Focus, Keep, or Exclude",ARC - Search - Services,Therapy - Trauma & PTSD,Therapy - Trauma & PTSD,1.0,1.0,5.94,0.0,Geo-modified service term. Confirm whether this city and service should become an active focus.,"Reply Focus, Keep, or Exclude."
pain clinic mount sinai,Exclude,Do not stage yet,ARC - Search - Services,Therapy - Chronic Pain,Therapy - Chronic Pain,1.0,1.0,1.11,0.0,"Likely non-service, provider, institution, supplement, procedure, or clinic-seeking intent.","Reply Focus, Keep, or Exclude."
pain solutions pickering,Keep,Continue observing,ARC - Search - Services,Therapy - Chronic Pain,Therapy - Chronic Pain,1.0,1.0,5.73,0.0,Low-risk exploratory query with no urgent action from this report.,"Reply Focus, Keep, or Exclude."
emdr,Keep,Continue observing,ARC - Search - Services,Therapy - EMDR,Therapy - EMDR,0.0,46.0,0.0,0.0,Low-risk exploratory query with no urgent action from this report.,"Reply Focus, Keep, or Exclude."
pain clinic near me,Exclude,Do not stage yet,ARC - Search - Services,Therapy - Chronic Pain,Therapy - Chronic Pain,0.0,15.0,0.0,0.0,"Likely non-service, provider, institution, supplement, procedure, or clinic-seeking intent.","Reply Focus, Keep, or Exclude."
somatic therapy,Keep,Continue observing,ARC - Search - Services,Therapy - Trauma & PTSD,Therapy - Trauma & PTSD,0.0,12.0,0.0,0.0,Low-risk exploratory query with no urgent action from this report.,"Reply Focus, Keep, or Exclude."
chronic pain clinic near me,Exclude,Do not stage yet,ARC - Search - Services,Therapy - Chronic Pain,Therapy - Chronic Pain,0.0,10.0,0.0,0.0,"Likely non-service, provider, institution, supplement, procedure, or clinic-seeking intent.","Reply Focus, Keep, or Exclude."
somatic therapy toronto,Review,"Client to mark Focus, Keep, or Exclude",ARC - Regional - Search,Therapy - Trauma & PTSD,Therapy - Trauma & PTSD,0.0,10.0,0.0,0.0,Geo-modified service term. Confirm whether this city and service should become an active focus.,"Reply Focus, Keep, or Exclude."
ibs clinic near me,Exclude,Do not stage yet,ARC - Search - Services,Therapy - IBS & Gut Health,Therapy - IBS & Gut Health,0.0,9.0,0.0,0.0,"Likely non-service, provider, institution, supplement, procedure, or clinic-seeking intent.","Reply Focus, Keep, or Exclude."
best emdr therapist toronto,Review,"Client to mark Focus, Keep, or Exclude",ARC - Search - Services,Therapy - EMDR,Therapy - EMDR,0.0,7.0,0.0,0.0,Geo-modified service term. Confirm whether this city and service should become an active focus.,"Reply Focus, Keep, or Exclude."
fibromyalgia therapy near me,Keep,Continue observing,ARC - Search - Services,Therapy - Chronic Pain,Therapy - Chronic Pain,0.0,7.0,0.0,0.0,Low-risk exploratory query with no urgent action from this report.,"Reply Focus, Keep, or Exclude."
gut health nutritionist near me,Keep,Continue observing,ARC - Search - Services,Therapy - IBS & Gut Health,Therapy - IBS & Gut Health,0.0,7.0,0.0,0.0,Low-risk exploratory query with no urgent action from this report.,"Reply Focus, Keep, or Exclude."
www bloorpain com procedures,Keep,Continue observing,ARC - Search - Services,Therapy - Chronic Pain,Therapy - Chronic Pain,0.0,7.0,0.0,0.0,Low-risk exploratory query with no urgent action from this report.,"Reply Focus, Keep, or Exclude."
gut health toronto,Review,"Client to mark Focus, Keep, or Exclude",ARC - Search - Services,Therapy - IBS & Gut Health,Therapy - IBS & Gut Health,0.0,6.0,0.0,0.0,Geo-modified service term. Confirm whether this city and service should become an active focus.,"Reply Focus, Keep, or Exclude."
emdr therapy mississauga,Review,"Client to mark Focus, Keep, or Exclude",ARC - Search - Services,Therapy - Trauma & PTSD,Therapy - EMDR,0.0,5.0,0.0,0.0,Geo-modified service term. Confirm whether this city and service should become an active focus.,"Reply Focus, Keep, or Exclude."
gut specialist toronto,Exclude,Do not stage yet,ARC - Search - Services,Therapy - IBS & Gut Health,Therapy - IBS & Gut Health,0.0,5.0,0.0,0.0,"Likely non-service, provider, institution, supplement, procedure, or clinic-seeking intent.","Reply Focus, Keep, or Exclude."
pain clinic brampton,Exclude,Do not stage yet,ARC - Search - Services,Therapy - Chronic Pain,Therapy - Chronic Pain,0.0,5.0,0.0,0.0,"Likely non-service, provider, institution, supplement, procedure, or clinic-seeking intent.","Reply Focus, Keep, or Exclude."
pain clinic don mills,Exclude,Do not stage yet,ARC - Search - Services,Therapy - Chronic Pain,Therapy - Chronic Pain,0.0,5.0,0.0,0.0,"Likely non-service, provider, institution, supplement, procedure, or clinic-seeking intent.","Reply Focus, Keep, or Exclude."
silver pain clinic north york,Exclude,Do not stage yet,ARC - Search - Services,Therapy - Chronic Pain,Therapy - Chronic Pain,0.0,5.0,0.0,0.0,"Likely non-service, provider, institution, supplement, procedure, or clinic-seeking intent.","Reply Focus, Keep, or Exclude."
somatic therapy near me,Keep,Continue observing,ARC - Search - Services,Therapy - Trauma & PTSD,Therapy - Trauma & PTSD,0.0,5.0,0.0,0.0,Low-risk exploratory query with no urgent action from this report.,"Reply Focus, Keep, or Exclude."
betrayal trauma therapy near me,Keep,Continue observing,ARC - Search - Services,Therapy - Trauma & PTSD,Therapy - Trauma & PTSD,0.0,4.0,0.0,0.0,Low-risk exploratory query with no urgent action from this report.,"Reply Focus, Keep, or Exclude."
brainspotting therapy,Keep,Continue observing,ARC - Search - Services,Therapy - Trauma & PTSD,Therapy - Trauma & PTSD,0.0,4.0,0.0,0.0,Low-risk exploratory query with no urgent action from this report.,"Reply Focus, Keep, or Exclude."
chronic pain physio,Exclude,Do not stage yet,ARC - Search - Services,Therapy - Chronic Pain,Therapy - Chronic Pain,0.0,4.0,0.0,0.0,"Likely non-service, provider, institution, supplement, procedure, or clinic-seeking intent.","Reply Focus, Keep, or Exclude."
deep brain reorienting therapy,Keep,Continue observing,ARC - Search - Services,Therapy - Trauma & PTSD,Therapy - DBR,0.0,4.0,0.0,0.0,Low-risk exploratory query with no urgent action from this report.,"Reply Focus, Keep, or Exclude."
edmr,Keep,Continue observing,ARC - Search - Services,Therapy - EMDR,Therapy - EMDR,0.0,4.0,0.0,0.0,Low-risk exploratory query with no urgent action from this report.,"Reply Focus, Keep, or Exclude."
eye movement desensitization and reprocessing emdr,Keep,Continue observing,ARC - Search - Services,Therapy - Trauma & PTSD,Therapy - EMDR,0.0,4.0,0.0,0.0,Low-risk exploratory query with no urgent action from this report.,"Reply Focus, Keep, or Exclude."
hanna ratjen,Exclude,Do not stage yet,ARC - Regional - Search,Therapy - Trauma & PTSD,Therapy - Trauma & PTSD,0.0,4.0,0.0,0.0,"Likely non-service, provider, institution, supplement, procedure, or clinic-seeking intent.","Reply Focus, Keep, or Exclude."
ibs d treatment,Keep,Continue observing,ARC - Search - Services,Therapy - IBS & Gut Health,Therapy - IBS & Gut Health,0.0,4.0,0.0,0.0,Low-risk exploratory query with no urgent action from this report.,"Reply Focus, Keep, or Exclude."
ontario therapy,Keep,Continue observing,ARC - Search - Services,Therapy - Chronic Illness,Therapy - Chronic Illness,0.0,4.0,0.0,0.0,Low-risk exploratory query with no urgent action from this report.,"Reply Focus, Keep, or Exclude."
trauma resolution centre,Keep,Continue observing,ARC - Search - Services,Therapy - Trauma & PTSD,Therapy - Trauma & PTSD,0.0,4.0,0.0,0.0,Low-risk exploratory query with no urgent action from this report.,"Reply Focus, Keep, or Exclude."
wellness together canada,Keep,Continue observing,ARC - Search - Services,Therapy - Chronic Illness,Therapy - Chronic Illness,0.0,4.0,0.0,0.0,Low-risk exploratory query with no urgent action from this report.,"Reply Focus, Keep, or Exclude."
attachment and trauma treatment centre for healing,Keep,Continue observing,ARC - Search - Services,Therapy - Trauma & PTSD,Therapy - Trauma & PTSD,0.0,3.0,0.0,0.0,Low-risk exploratory query with no urgent action from this report.,"Reply Focus, Keep, or Exclude."
chronic pain clinic toronto,Exclude,Do not stage yet,ARC - Regional - Search,Therapy - Chronic Pain,Therapy - Chronic Pain,0.0,3.0,0.0,0.0,"Likely non-service, provider, institution, supplement, procedure, or clinic-seeking intent.","Reply Focus, Keep, or Exclude."
dbr trauma therapy,Keep,Continue observing,ARC - Search - Services,Therapy - Trauma & PTSD,Therapy - Trauma & PTSD,0.0,3.0,0.0,0.0,Low-risk exploratory query with no urgent action from this report.,"Reply Focus, Keep, or Exclude."
dmt therapy ontario,Keep,Continue observing,ARC - Search - Services,Therapy - Chronic Illness,Therapy - Chronic Illness,0.0,3.0,0.0,0.0,Low-risk exploratory query with no urgent action from this report.,"Reply Focus, Keep, or Exclude."
eaet therapy,Keep,Continue observing,ARC - Search - Services,Therapy - Chronic Pain,Therapy - Chronic Pain,0.0,3.0,0.0,0.0,Low-risk exploratory query with no urgent action from this report.,"Reply Focus, Keep, or Exclude."
emdr for childhood sexual abuse,Keep,Continue observing,ARC - Search - Services,Therapy - EMDR,Therapy - EMDR,0.0,3.0,0.0,0.0,Low-risk exploratory query with no urgent action from this report.,"Reply Focus, Keep, or Exclude."
emdr therapist toronto,Review,"Client to mark Focus, Keep, or Exclude",ARC - Search - Services,Therapy - EMDR,Therapy - EMDR,0.0,3.0,0.0,0.0,Geo-modified service term. Confirm whether this city and service should become an active focus.,"Reply Focus, Keep, or Exclude."
gut brain hypnotherapy,Keep,Continue observing,ARC - Search - Services,Therapy - IBS & Gut Health,Therapy - IBS & Gut Health,0.0,3.0,0.0,0.0,Low-risk exploratory query with no urgent action from this report.,"Reply Focus, Keep, or Exclude."
ibs dietician,Exclude,Do not stage yet,ARC - Search - Services,Therapy - IBS & Gut Health,Therapy - IBS & Gut Health,0.0,3.0,0.0,0.0,"Likely non-service, provider, institution, supplement, procedure, or clinic-seeking intent.","Reply Focus, Keep, or Exclude."
ibs near me,Keep,Continue observing,ARC - Search - Services,Therapy - IBS & Gut Health,Therapy - IBS & Gut Health,0.0,3.0,0.0,0.0,Low-risk exploratory query with no urgent action from this report.,"Reply Focus, Keep, or Exclude."
pain clinic downtown,Exclude,Do not stage yet,ARC - Search - Services,Therapy - Chronic Pain,Therapy - Chronic Pain,0.0,3.0,0.0,0.0,"Likely non-service, provider, institution, supplement, procedure, or clinic-seeking intent.","Reply Focus, Keep, or Exclude."
power over pain ca,Keep,Continue observing,ARC - Search - Services,Therapy - Chronic Pain,Therapy - Chronic Pain,0.0,3.0,0.0,0.0,Low-risk exploratory query with no urgent action from this report.,"Reply Focus, Keep, or Exclude."
somatic healing near me,Keep,Continue observing,ARC - Search - Services,Therapy - Trauma & PTSD,Therapy - Trauma & PTSD,0.0,3.0,0.0,0.0,Low-risk exploratory query with no urgent action from this report.,"Reply Focus, Keep, or Exclude."
somatic therapy ontario,Review,"Client to mark Focus, Keep, or Exclude",ARC - Search - Services,Therapy - Trauma & PTSD,Therapy - Trauma & PTSD,0.0,3.0,0.0,0.0,Geo-modified service term. Confirm whether this city and service should become an active focus.,"Reply Focus, Keep, or Exclude."
tidhi toronto,Keep,Continue observing,ARC - Search - Services,Therapy - IBS & Gut Health,Therapy - IBS & Gut Health,0.0,3.0,0.0,0.0,Low-risk exploratory query with no urgent action from this report.,"Reply Focus, Keep, or Exclude."
trauma based yoga near me,Keep,Continue observing,ARC - Search - Services,Therapy - Trauma & PTSD,Therapy - Trauma & PTSD,0.0,3.0,0.0,0.0,Low-risk exploratory query with no urgent action from this report.,"Reply Focus, Keep, or Exclude."
trauma centre toronto,Review,"Client to mark Focus, Keep, or Exclude",ARC - Search - Services,Therapy - Trauma & PTSD,Therapy - Trauma & PTSD,0.0,3.0,0.0,0.0,Geo-modified service term. Confirm whether this city and service should become an active focus.,"Reply Focus, Keep, or Exclude."
trauma informed emdr therapist,Keep,Continue observing,ARC - Search - Services,Therapy - EMDR,Therapy - EMDR,0.0,3.0,0.0,0.0,Low-risk exploratory query with no urgent action from this report.,"Reply Focus, Keep, or Exclude."
trauma therapy for men,Keep,Continue observing,ARC - Search - Services,Therapy - Trauma & PTSD,Therapy - Trauma & PTSD,0.0,3.0,0.0,0.0,Low-risk exploratory query with no urgent action from this report.,"Reply Focus, Keep, or Exclude."
york medical pain clinic newmarket,Exclude,Do not stage yet,ARC - Search - Services,Therapy - Chronic Pain,Therapy - Chronic Pain,0.0,3.0,0.0,0.0,"Likely non-service, provider, institution, supplement, procedure, or clinic-seeking intent.","Reply Focus, Keep, or Exclude."
axon pain clinic st catharines,Exclude,Do not stage yet,ARC - Search - Services,Therapy - Chronic Pain,Therapy - Chronic Pain,0.0,2.0,0.0,0.0,"Likely non-service, provider, institution, supplement, procedure, or clinic-seeking intent.","Reply Focus, Keep, or Exclude."
best pain clinic near me,Exclude,Do not stage yet,ARC - Search - Services,Therapy - Chronic Pain,Therapy - Chronic Pain,0.0,2.0,0.0,0.0,"Likely non-service, provider, institution, supplement, procedure, or clinic-seeking intent.","Reply Focus, Keep, or Exclude."
bounce back ontario,Exclude,Do not stage yet,ARC - Search - Services,Therapy - Trauma & PTSD,Therapy - Trauma & PTSD,0.0,2.0,0.0,0.0,"Likely non-service, provider, institution, supplement, procedure, or clinic-seeking intent.","Reply Focus, Keep, or Exclude."
can you do emdr online,Keep,Continue observing,ARC - Search - Services,Therapy - EMDR,Therapy - EMDR,0.0,2.0,0.0,0.0,Low-risk exploratory query with no urgent action from this report.,"Reply Focus, Keep, or Exclude."
chiropractor fibromyalgia,Keep,Continue observing,ARC - Search - Services,Therapy - Chronic Pain,Therapy - Chronic Pain,0.0,2.0,0.0,0.0,Low-risk exploratory query with no urgent action from this report.,"Reply Focus, Keep, or Exclude."
christian emdr therapy,Keep,Continue observing,ARC - Search - Services,Therapy - EMDR,Therapy - EMDR,0.0,2.0,0.0,0.0,Low-risk exploratory query with no urgent action from this report.,"Reply Focus, Keep, or Exclude."
chronic back pain help,Keep,Continue observing,ARC - Search - Services,Therapy - Chronic Pain,Therapy - Chronic Pain,0.0,2.0,0.0,0.0,Low-risk exploratory query with no urgent action from this report.,"Reply Focus, Keep, or Exclude."
chronic disease clinic,Exclude,Do not stage yet,ARC - Search - Services,Therapy - Chronic Illness,Therapy - Chronic Illness,0.0,2.0,0.0,0.0,"Likely non-service, provider, institution, supplement, procedure, or clinic-seeking intent.","Reply Focus, Keep, or Exclude."
chronic pain clinic brampton,Exclude,Do not stage yet,ARC - Search - Services,Therapy - Chronic Pain,Therapy - Chronic Pain,0.0,2.0,0.0,0.0,"Likely non-service, provider, institution, supplement, procedure, or clinic-seeking intent.","Reply Focus, Keep, or Exclude."
chronic pain groups near me,Keep,Continue observing,ARC - Search - Services,Therapy - Chronic Illness,Therapy - Chronic Pain,0.0,2.0,0.0,0.0,Low-risk exploratory query with no urgent action from this report.,"Reply Focus, Keep, or Exclude."
chronic pain near me,Keep,Continue observing,ARC - Search - Services,Therapy - Chronic Pain,Therapy - Chronic Pain,0.0,2.0,0.0,0.0,Low-risk exploratory query with no urgent action from this report.,"Reply Focus, Keep, or Exclude."
chronic pain therapist,Keep,Continue observing,ARC - Search - Services,Therapy - Chronic Pain,Therapy - Chronic Pain,0.0,2.0,0.0,0.0,Low-risk exploratory query with no urgent action from this report.,"Reply Focus, Keep, or Exclude."
cortisone injections near me,Exclude,Do not stage yet,ARC - Search - Services,Therapy - Chronic Pain,Therapy - Chronic Pain,0.0,2.0,0.0,0.0,"Likely non-service, provider, institution, supplement, procedure, or clinic-seeking intent.","Reply Focus, Keep, or Exclude."
cpm brampton,Keep,Continue observing,ARC - Search - Services,Therapy - Chronic Pain,Therapy - Chronic Pain,0.0,2.0,0.0,0.0,Low-risk exploratory query with no urgent action from this report.,"Reply Focus, Keep, or Exclude."
cpm oshawa,Keep,Continue observing,ARC - Search - Services,Therapy - Chronic Pain,Therapy - Chronic Pain,0.0,2.0,0.0,0.0,Low-risk exploratory query with no urgent action from this report.,"Reply Focus, Keep, or Exclude."
dbr,Keep,Continue observing,ARC - Search - Services,Therapy - DBR,Therapy - DBR,0.0,2.0,0.0,0.0,Low-risk exploratory query with no urgent action from this report.,"Reply Focus, Keep, or Exclude."
deep brain reorienting toronto,Review,"Client to mark Focus, Keep, or Exclude",ARC - Search - Services,Therapy - EMDR,Therapy - DBR,0.0,2.0,0.0,0.0,Geo-modified service term. Confirm whether this city and service should become an active focus.,"Reply Focus, Keep, or Exclude."
dr dima rozen,Keep,Continue observing,ARC - Search - Services,Therapy - Chronic Pain,Therapy - Chronic Pain,0.0,2.0,0.0,0.0,Low-risk exploratory query with no urgent action from this report.,"Reply Focus, Keep, or Exclude."
dry needling toronto,Exclude,Do not stage yet,ARC - Search - Services,Therapy - Chronic Pain,Therapy - Chronic Pain,0.0,2.0,0.0,0.0,"Likely non-service, provider, institution, supplement, procedure, or clinic-seeking intent.","Reply Focus, Keep, or Exclude."
emdr and trauma,Keep,Continue observing,ARC - Search - Services,Therapy - EMDR,Therapy - EMDR,0.0,2.0,0.0,0.0,Low-risk exploratory query with no urgent action from this report.,"Reply Focus, Keep, or Exclude."
emdr christian therapy near me,Keep,Continue observing,ARC - Search - Services,Therapy - EMDR,Therapy - EMDR,0.0,2.0,0.0,0.0,Low-risk exploratory query with no urgent action from this report.,"Reply Focus, Keep, or Exclude."
emdr online therapy,Keep,Continue observing,ARC - Search - Services,Therapy - EMDR,Therapy - EMDR,0.0,2.0,0.0,0.0,Low-risk exploratory query with no urgent action from this report.,"Reply Focus, Keep, or Exclude."
emdr therapists psychology today,Keep,Continue observing,ARC - Search - Services,Therapy - EMDR,Therapy - EMDR,0.0,2.0,0.0,0.0,Low-risk exploratory query with no urgent action from this report.,"Reply Focus, Keep, or Exclude."
emdr therapy for kids,Keep,Continue observing,ARC - Search - Services,Therapy - DBR,Therapy - EMDR,0.0,2.0,0.0,0.0,Low-risk exploratory query with no urgent action from this report.,"Reply Focus, Keep, or Exclude."
emdr therapy near ne,Keep,Continue observing,ARC - Search - Services,Therapy - Trauma & PTSD,Therapy - EMDR,0.0,2.0,0.0,0.0,Low-risk exploratory query with no urgent action from this report.,"Reply Focus, Keep, or Exclude."
eye movement desensitization and reprocessing emdr therapy,Keep,Continue observing,ARC - Search - Services,Therapy - Trauma & PTSD,Therapy - EMDR,0.0,2.0,0.0,0.0,Low-risk exploratory query with no urgent action from this report.,"Reply Focus, Keep, or Exclude."
eye tracking therapy,Keep,Continue observing,ARC - Search - Services,Therapy - EMDR,Therapy - EMDR,0.0,2.0,0.0,0.0,Low-risk exploratory query with no urgent action from this report.,"Reply Focus, Keep, or Exclude."
f r o m toronto pain relief,Keep,Continue observing,ARC - Search - Services,Therapy - Chronic Pain,Therapy - Chronic Pain,0.0,2.0,0.0,0.0,Low-risk exploratory query with no urgent action from this report.,"Reply Focus, Keep, or Exclude."
fibromyalgia pain centers,Keep,Continue observing,ARC - Search - Services,Therapy - Chronic Pain,Therapy - Chronic Pain,0.0,2.0,0.0,0.0,Low-risk exploratory query with no urgent action from this report.,"Reply Focus, Keep, or Exclude."
fibromyalgia treatment,Keep,Continue observing,ARC - Search - Services,Therapy - Chronic Pain,Therapy - Chronic Pain,0.0,2.0,0.0,0.0,Low-risk exploratory query with no urgent action from this report.,"Reply Focus, Keep, or Exclude."
fsm treatment near me,Keep,Continue observing,ARC - Search - Services,Therapy - Chronic Pain,Therapy - Chronic Pain,0.0,2.0,0.0,0.0,Low-risk exploratory query with no urgent action from this report.,"Reply Focus, Keep, or Exclude."
heal ibs naturally,Keep,Continue observing,ARC - Search - Services,Therapy - IBS & Gut Health,Therapy - IBS & Gut Health,0.0,2.0,0.0,0.0,Low-risk exploratory query with no urgent action from this report.,"Reply Focus, Keep, or Exclude."
how do i get emdr therapy,Keep,Continue observing,ARC - Search - Services,Therapy - Trauma & PTSD,Therapy - EMDR,0.0,2.0,0.0,0.0,Informational therapy research query. Keep visible unless the client wants tighter pruning.,"Reply Focus, Keep, or Exclude."
hypnotherapy for trauma,Keep,Continue observing,ARC - Search - Services,Therapy - Trauma & PTSD,Therapy - Trauma & PTSD,0.0,2.0,0.0,0.0,Low-risk exploratory query with no urgent action from this report.,"Reply Focus, Keep, or Exclude."
ibs clinic toronto,Exclude,Do not stage yet,ARC - Search - Services,Therapy - IBS & Gut Health,Therapy - IBS & Gut Health,0.0,2.0,0.0,0.0,"Likely non-service, provider, institution, supplement, procedure, or clinic-seeking intent.","Reply Focus, Keep, or Exclude."
ibs latest treatment,Keep,Continue observing,ARC - Search - Services,Therapy - IBS & Gut Health,Therapy - IBS & Gut Health,0.0,2.0,0.0,0.0,Low-risk exploratory query with no urgent action from this report.,"Reply Focus, Keep, or Exclude."
ibs specialist toronto,Exclude,Do not stage yet,ARC - Search - Services,Therapy - IBS & Gut Health,Therapy - IBS & Gut Health,0.0,2.0,0.0,0.0,"Likely non-service, provider, institution, supplement, procedure, or clinic-seeking intent.","Reply Focus, Keep, or Exclude."
ibs toronto,Review,"Client to mark Focus, Keep, or Exclude",ARC - Search - Services,Therapy - IBS & Gut Health,Therapy - IBS & Gut Health,0.0,2.0,0.0,0.0,Geo-modified service term. Confirm whether this city and service should become an active focus.,"Reply Focus, Keep, or Exclude."
ibs treatment at home,Keep,Continue observing,ARC - Search - Services,Therapy - IBS & Gut Health,Therapy - IBS & Gut Health,0.0,2.0,0.0,0.0,Low-risk exploratory query with no urgent action from this report.,"Reply Focus, Keep, or Exclude."
ibs treatment canada,Keep,Continue observing,ARC - Search - Services,Therapy - IBS & Gut Health,Therapy - IBS & Gut Health,0.0,2.0,0.0,0.0,Low-risk exploratory query with no urgent action from this report.,"Reply Focus, Keep, or Exclude."
inpatient trauma treatment centers near me,Keep,Continue observing,ARC - Search - Services,Therapy - Trauma & PTSD,Therapy - Trauma & PTSD,0.0,2.0,0.0,0.0,Low-risk exploratory query with no urgent action from this report.,"Reply Focus, Keep, or Exclude."
intensive emdr therapy,Keep,Continue observing,ARC - Search - Services,Therapy - EMDR,Therapy - EMDR,0.0,2.0,0.0,0.0,Low-risk exploratory query with no urgent action from this report.,"Reply Focus, Keep, or Exclude."
jillian hosey,Keep,Continue observing,ARC - Regional - Search,Therapy - Trauma & PTSD,Therapy - Trauma & PTSD,0.0,2.0,0.0,0.0,Low-risk exploratory query with no urgent action from this report.,"Reply Focus, Keep, or Exclude."
mindfulness for pain relief,Keep,Continue observing,ARC - Search - Services,Therapy - Chronic Pain,Therapy - Chronic Pain,0.0,2.0,0.0,0.0,Low-risk exploratory query with no urgent action from this report.,"Reply Focus, Keep, or Exclude."
nerva reviews,Exclude,Do not stage yet,ARC - Search - Services,Therapy - IBS & Gut Health,Therapy - IBS & Gut Health,0.0,2.0,0.0,0.0,"Likely non-service, provider, institution, supplement, procedure, or clinic-seeking intent.","Reply Focus, Keep, or Exclude."
neurotherapy treatment for back pain,Keep,Continue observing,ARC - Search - Services,Therapy - Chronic Pain,Therapy - Chronic Pain,0.0,2.0,0.0,0.0,Low-risk exploratory query with no urgent action from this report.,"Reply Focus, Keep, or Exclude."
north york pain clinic,Exclude,Do not stage yet,ARC - Search - Services,Therapy - Chronic Pain,Therapy - Chronic Pain,0.0,2.0,0.0,0.0,"Likely non-service, provider, institution, supplement, procedure, or clinic-seeking intent.","Reply Focus, Keep, or Exclude."
ontario shores trauma program,Exclude,Do not stage yet,ARC - Search - Services,Therapy - Trauma & PTSD,Therapy - Trauma & PTSD,0.0,2.0,0.0,0.0,"Likely non-service, provider, institution, supplement, procedure, or clinic-seeking intent.","Reply Focus, Keep, or Exclude."
pain clinic north york,Exclude,Do not stage yet,ARC - Search - Services,Therapy - Chronic Pain,Therapy - Chronic Pain,0.0,2.0,0.0,0.0,"Likely non-service, provider, institution, supplement, procedure, or clinic-seeking intent.","Reply Focus, Keep, or Exclude."
pain clinic oakville,Exclude,Do not stage yet,ARC - Search - Services,Therapy - Chronic Pain,Therapy - Chronic Pain,0.0,2.0,0.0,0.0,"Likely non-service, provider, institution, supplement, procedure, or clinic-seeking intent.","Reply Focus, Keep, or Exclude."
pain clinic pickering,Exclude,Do not stage yet,ARC - Search - Services,Therapy - Chronic Pain,Therapy - Chronic Pain,0.0,2.0,0.0,0.0,"Likely non-service, provider, institution, supplement, procedure, or clinic-seeking intent.","Reply Focus, Keep, or Exclude."
pain clinic richmond hill,Exclude,Do not stage yet,ARC - Search - Services,Therapy - Chronic Pain,Therapy - Chronic Pain,0.0,2.0,0.0,0.0,"Likely non-service, provider, institution, supplement, procedure, or clinic-seeking intent.","Reply Focus, Keep, or Exclude."
pain injection clinic near me,Exclude,Do not stage yet,ARC - Search - Services,Therapy - Chronic Pain,Therapy - Chronic Pain,0.0,2.0,0.0,0.0,"Likely non-service, provider, institution, supplement, procedure, or clinic-seeking intent.","Reply Focus, Keep, or Exclude."
pain processing therapy,Keep,Continue observing,ARC - Search - Services,Therapy - Chronic Pain,Therapy - Chronic Pain,0.0,2.0,0.0,0.0,Low-risk exploratory query with no urgent action from this report.,"Reply Focus, Keep, or Exclude."
pain specialists near me,Exclude,Do not stage yet,ARC - Search - Services,Therapy - Chronic Pain,Therapy - Chronic Pain,0.0,2.0,0.0,0.0,"Likely non-service, provider, institution, supplement, procedure, or clinic-seeking intent.","Reply Focus, Keep, or Exclude."
pantea rafati,Keep,Continue observing,ARC - Search - Services,Therapy - EMDR,Therapy - EMDR,0.0,2.0,0.0,0.0,Low-risk exploratory query with no urgent action from this report.,"Reply Focus, Keep, or Exclude."
prt therapy scarborough,Keep,Continue observing,ARC - Search - Services,Therapy - Chronic Pain,Therapy - Chronic Pain,0.0,2.0,0.0,0.0,Low-risk exploratory query with no urgent action from this report.,"Reply Focus, Keep, or Exclude."
psychology today emdr therapist,Keep,Continue observing,ARC - Search - Services,Therapy - EMDR,Therapy - EMDR,0.0,2.0,0.0,0.0,Low-risk exploratory query with no urgent action from this report.,"Reply Focus, Keep, or Exclude."
scarborough osteopath,Keep,Continue observing,ARC - Search - Services,Therapy - Chronic Pain,Therapy - Chronic Pain,0.0,2.0,0.0,0.0,Low-risk exploratory query with no urgent action from this report.,"Reply Focus, Keep, or Exclude."
spinal decompression therapy,Keep,Continue observing,ARC - Search - Services,Therapy - Chronic Pain,Therapy - Chronic Pain,0.0,2.0,0.0,0.0,Low-risk exploratory query with no urgent action from this report.,"Reply Focus, Keep, or Exclude."
tapmi pain clinic toronto,Exclude,Do not stage yet,ARC - Search - Services,Therapy - Chronic Pain,Therapy - Chronic Pain,0.0,2.0,0.0,0.0,"Likely non-service, provider, institution, supplement, procedure, or clinic-seeking intent.","Reply Focus, Keep, or Exclude."
tension myositis syndrome doctors near me,Keep,Continue observing,ARC - Search - Services,Therapy - Chronic Pain,Therapy - Chronic Pain,0.0,2.0,0.0,0.0,Informational therapy research query. Keep visible unless the client wants tighter pruning.,"Reply Focus, Keep, or Exclude."
top rated emdr therapy,Keep,Continue observing,ARC - Search - Services,Therapy - EMDR,Therapy - EMDR,0.0,2.0,0.0,0.0,Low-risk exploratory query with no urgent action from this report.,"Reply Focus, Keep, or Exclude."
trauma informed doctors near me,Keep,Continue observing,ARC - Search - Services,Therapy - Trauma & PTSD,Therapy - Trauma & PTSD,0.0,2.0,0.0,0.0,Low-risk exploratory query with no urgent action from this report.,"Reply Focus, Keep, or Exclude."
trauma sensitive therapy,Keep,Continue observing,ARC - Search - Services,Therapy - Trauma & PTSD,Therapy - Trauma & PTSD,0.0,2.0,0.0,0.0,Low-risk exploratory query with no urgent action from this report.,"Reply Focus, Keep, or Exclude."
treatment for ibs in men,Keep,Continue observing,ARC - Search - Services,Therapy - IBS & Gut Health,Therapy - IBS & Gut Health,0.0,2.0,0.0,0.0,Low-risk exploratory query with no urgent action from this report.,"Reply Focus, Keep, or Exclude."
treatment for nerve pain,Keep,Continue observing,ARC - Search - Services,Therapy - Chronic Pain,Therapy - Chronic Pain,0.0,2.0,0.0,0.0,Low-risk exploratory query with no urgent action from this report.,"Reply Focus, Keep, or Exclude."
what is deep brain reorienting therapy,Keep,Continue observing,ARC - Search - Services,Therapy - EMDR,Therapy - DBR,0.0,2.0,0.0,0.0,Informational therapy research query. Keep visible unless the client wants tighter pruning.,"Reply Focus, Keep, or Exclude."
what to take for chronic pain,Keep,Continue observing,ARC - Search - Services,Therapy - Chronic Pain,Therapy - Chronic Pain,0.0,2.0,0.0,0.0,Informational therapy research query. Keep visible unless the client wants tighter pruning.,"Reply Focus, Keep, or Exclude."
15 wellesley street west pain clinic,Exclude,Do not stage yet,ARC - Search - Services,Therapy - Chronic Pain,Therapy - Chronic Pain,0.0,1.0,0.0,0.0,"Likely non-service, provider, institution, supplement, procedure, or clinic-seeking intent.","Reply Focus, Keep, or Exclude."
17730 leslie street newmarket pain clinic,Exclude,Do not stage yet,ARC - Search - Services,Therapy - Chronic Pain,Therapy - Chronic Pain,0.0,1.0,0.0,0.0,"Likely non-service, provider, institution, supplement, procedure, or clinic-seeking intent.","Reply Focus, Keep, or Exclude."
2 champagne drive pain clinic,Exclude,Do not stage yet,ARC - Search - Services,Therapy - Chronic Pain,Therapy - Chronic Pain,0.0,1.0,0.0,0.0,"Likely non-service, provider, institution, supplement, procedure, or clinic-seeking intent.","Reply Focus, Keep, or Exclude."
5 pillars therapy,Keep,Continue observing,ARC - Search - Services,Therapy - Chronic Illness,Therapy - Chronic Illness,0.0,1.0,0.0,0.0,Low-risk exploratory query with no urgent action from this report.,"Reply Focus, Keep, or Exclude."
8 phases of emdr,Keep,Continue observing,ARC - Search - Services,Therapy - EMDR,Therapy - EMDR,0.0,1.0,0.0,0.0,Low-risk exploratory query with no urgent action from this report.,"Reply Focus, Keep, or Exclude."
access mental health ontario,Keep,Continue observing,ARC - Search - Services,Therapy - Chronic Illness,Therapy - Chronic Illness,0.0,1.0,0.0,0.0,Low-risk exploratory query with no urgent action from this report.,"Reply Focus, Keep, or Exclude."
allevio clinic north york,Exclude,Do not stage yet,ARC - Search - Services,Therapy - Chronic Pain,Therapy - Chronic Pain,0.0,1.0,0.0,0.0,"Likely non-service, provider, institution, supplement, procedure, or clinic-seeking intent.","Reply Focus, Keep, or Exclude."
anxiety groups toronto,Keep,Continue observing,ARC - Search - Services,Therapy - Chronic Illness,Therapy - Chronic Illness,0.0,1.0,0.0,0.0,Low-risk exploratory query with no urgent action from this report.,"Reply Focus, Keep, or Exclude."
arthritis back pain relief,Keep,Continue observing,ARC - Search - Services,Therapy - Chronic Pain,Therapy - Chronic Pain,0.0,1.0,0.0,0.0,Informational therapy research query. Keep visible unless the client wants tighter pruning.,"Reply Focus, Keep, or Exclude."
attune therapy guelph,Keep,Continue observing,ARC - Search - Services,Therapy - Trauma & PTSD,Therapy - Trauma & PTSD,0.0,1.0,0.0,0.0,Low-risk exploratory query with no urgent action from this report.,"Reply Focus, Keep, or Exclude."
bella lindemann functional nutritionist,Keep,Continue observing,ARC - Search - Services,Therapy - IBS & Gut Health,Therapy - IBS & Gut Health,0.0,1.0,0.0,0.0,Low-risk exploratory query with no urgent action from this report.,"Reply Focus, Keep, or Exclude."
best natural treatment for ibs,Keep,Continue observing,ARC - Search - Services,Therapy - IBS & Gut Health,Therapy - IBS & Gut Health,0.0,1.0,0.0,0.0,Low-risk exploratory query with no urgent action from this report.,"Reply Focus, Keep, or Exclude."
best pain killer for chronic pain,Keep,Continue observing,ARC - Search - Services,Therapy - Chronic Pain,Therapy - Chronic Pain,0.0,1.0,0.0,0.0,Low-risk exploratory query with no urgent action from this report.,"Reply Focus, Keep, or Exclude."
best tea for ibs,Keep,Continue observing,ARC - Search - Services,Therapy - IBS & Gut Health,Therapy - IBS & Gut Health,0.0,1.0,0.0,0.0,Low-risk exploratory query with no urgent action from this report.,"Reply Focus, Keep, or Exclude."
best therapy for childhood sexual abuse,Keep,Continue observing,ARC - Search - Services,Therapy - Trauma & PTSD,Therapy - Trauma & PTSD,0.0,1.0,0.0,0.0,Low-risk exploratory query with no urgent action from this report.,"Reply Focus, Keep, or Exclude."
best treatment for ibs,Keep,Continue observing,ARC - Search - Services,Therapy - IBS & Gut Health,Therapy - IBS & Gut Health,0.0,1.0,0.0,0.0,Low-risk exploratory query with no urgent action from this report.,"Reply Focus, Keep, or Exclude."
calm emdr,Keep,Continue observing,ARC - Search - Services,Therapy - EMDR,Therapy - EMDR,0.0,1.0,0.0,0.0,Low-risk exploratory query with no urgent action from this report.,"Reply Focus, Keep, or Exclude."
can emdr be done virtually,Keep,Continue observing,ARC - Search - Services,Therapy - EMDR,Therapy - EMDR,0.0,1.0,0.0,0.0,Low-risk exploratory query with no urgent action from this report.,"Reply Focus, Keep, or Exclude."
can emdr help with anxiety,Keep,Continue observing,ARC - Search - Services,Therapy - EMDR,Therapy - EMDR,0.0,1.0,0.0,0.0,Low-risk exploratory query with no urgent action from this report.,"Reply Focus, Keep, or Exclude."
can hypnosis help with chronic pain,Keep,Continue observing,ARC - Search - Services,Therapy - Chronic Pain,Therapy - Chronic Pain,0.0,1.0,0.0,0.0,Informational therapy research query. Keep visible unless the client wants tighter pruning.,"Reply Focus, Keep, or Exclude."
can ibs be cured,Keep,Continue observing,ARC - Search - Services,Therapy - IBS & Gut Health,Therapy - IBS & Gut Health,0.0,1.0,0.0,0.0,Low-risk exploratory query with no urgent action from this report.,"Reply Focus, Keep, or Exclude."
central sensitization treatment,Keep,Continue observing,ARC - Search - Services,Therapy - Chronic Pain,Therapy - Chronic Pain,0.0,1.0,0.0,0.0,Low-risk exploratory query with no urgent action from this report.,"Reply Focus, Keep, or Exclude."
child trauma psychologist,Keep,Continue observing,ARC - Search - Services,Therapy - Trauma & PTSD,Therapy - Trauma & PTSD,0.0,1.0,0.0,0.0,Low-risk exploratory query with no urgent action from this report.,"Reply Focus, Keep, or Exclude."
chronic back pain solutions,Keep,Continue observing,ARC - Search - Services,Therapy - Chronic Pain,Therapy - Chronic Pain,0.0,1.0,0.0,0.0,Low-risk exploratory query with no urgent action from this report.,"Reply Focus, Keep, or Exclude."
chronic illness therapist near me,Keep,Continue observing,ARC - Search - Services,Therapy - Chronic Illness,Therapy - Chronic Illness,0.0,1.0,0.0,0.0,Low-risk exploratory query with no urgent action from this report.,"Reply Focus, Keep, or Exclude."
chronic nerve pain treatment,Keep,Continue observing,ARC - Search - Services,Therapy - Chronic Pain,Therapy - Chronic Pain,0.0,1.0,0.0,0.0,Low-risk exploratory query with no urgent action from this report.,"Reply Focus, Keep, or Exclude."
chronic pain clinic etobicoke,Exclude,Do not stage yet,ARC - Search - Services,Therapy - Chronic Pain,Therapy - Chronic Pain,0.0,1.0,0.0,0.0,"Likely non-service, provider, institution, supplement, procedure, or clinic-seeking intent.","Reply Focus, Keep, or Exclude."
chronic pain relief,Keep,Continue observing,ARC - Search - Services,Therapy - Chronic Pain,Therapy - Chronic Pain,0.0,1.0,0.0,0.0,Low-risk exploratory query with no urgent action from this report.,"Reply Focus, Keep, or Exclude."
chronic pain specialist near me,Exclude,Do not stage yet,ARC - Search - Services,Therapy - Chronic Pain,Therapy - Chronic Pain,0.0,1.0,0.0,0.0,"Likely non-service, provider, institution, supplement, procedure, or clinic-seeking intent.","Reply Focus, Keep, or Exclude."
chronic pain syndrome treatment,Keep,Continue observing,ARC - Search - Services,Therapy - Chronic Pain,Therapy - Chronic Pain,0.0,1.0,0.0,0.0,Low-risk exploratory query with no urgent action from this report.,"Reply Focus, Keep, or Exclude."
cognitive behavior therapy for chronic pain,Keep,Continue observing,ARC - Search - Services,Therapy - Chronic Pain,Therapy - Chronic Pain,0.0,1.0,0.0,0.0,Low-risk exploratory query with no urgent action from this report.,"Reply Focus, Keep, or Exclude."
dangers of emdr therapy,Keep,Continue observing,ARC - Search - Services,Therapy - EMDR,Therapy - EMDR,0.0,1.0,0.0,0.0,Low-risk exploratory query with no urgent action from this report.,"Reply Focus, Keep, or Exclude."
dbr therapists,Keep,Continue observing,ARC - Search - Services,Therapy - Trauma & PTSD,Therapy - DBR,0.0,1.0,0.0,0.0,Low-risk exploratory query with no urgent action from this report.,"Reply Focus, Keep, or Exclude."
dbt and emdr therapy,Keep,Continue observing,ARC - Search - Services,Therapy - Trauma & PTSD,Therapy - EMDR,0.0,1.0,0.0,0.0,Low-risk exploratory query with no urgent action from this report.,"Reply Focus, Keep, or Exclude."
dealing with chronic back pain,Keep,Continue observing,ARC - Search - Services,Therapy - Chronic Pain,Therapy - Chronic Pain,0.0,1.0,0.0,0.0,Low-risk exploratory query with no urgent action from this report.,"Reply Focus, Keep, or Exclude."
dealing with trauma,Keep,Continue observing,ARC - Search - Services,Therapy - Trauma & PTSD,Therapy - Trauma & PTSD,0.0,1.0,0.0,0.0,Low-risk exploratory query with no urgent action from this report.,"Reply Focus, Keep, or Exclude."
deepbrain reorienting,Keep,Continue observing,ARC - Search - Services,Therapy - DBR,Therapy - DBR,0.0,1.0,0.0,0.0,Low-risk exploratory query with no urgent action from this report.,"Reply Focus, Keep, or Exclude."
degroote pain clinic hamilton,Exclude,Do not stage yet,ARC - Search - Services,Therapy - Chronic Pain,Therapy - Chronic Pain,0.0,1.0,0.0,0.0,"Likely non-service, provider, institution, supplement, procedure, or clinic-seeking intent.","Reply Focus, Keep, or Exclude."
depression clinic,Exclude,Do not stage yet,ARC - Search - Services,Therapy - Chronic Illness,Therapy - Chronic Illness,0.0,1.0,0.0,0.0,"Likely non-service, provider, institution, supplement, procedure, or clinic-seeking intent.","Reply Focus, Keep, or Exclude."
dietitian ibs specialist,Exclude,Do not stage yet,ARC - Search - Services,Therapy - IBS & Gut Health,Therapy - IBS & Gut Health,0.0,1.0,0.0,0.0,"Likely non-service, provider, institution, supplement, procedure, or clinic-seeking intent.","Reply Focus, Keep, or Exclude."
doctor for ibs treatment,Keep,Continue observing,ARC - Search - Services,Therapy - IBS & Gut Health,Therapy - IBS & Gut Health,0.0,1.0,0.0,0.0,Low-risk exploratory query with no urgent action from this report.,"Reply Focus, Keep, or Exclude."
does cbd help chronic pain,Keep,Continue observing,ARC - Search - Services,Therapy - Chronic Pain,Therapy - Chronic Pain,0.0,1.0,0.0,0.0,Low-risk exploratory query with no urgent action from this report.,"Reply Focus, Keep, or Exclude."
does emdr work,Keep,Continue observing,ARC - Search - Services,Therapy - EMDR,Therapy - EMDR,0.0,1.0,0.0,0.0,Low-risk exploratory query with no urgent action from this report.,"Reply Focus, Keep, or Exclude."
dr ho's pain therapy system pro,Keep,Continue observing,ARC - Search - Services,Therapy - Chronic Pain,Therapy - Chronic Pain,0.0,1.0,0.0,0.0,Low-risk exploratory query with no urgent action from this report.,"Reply Focus, Keep, or Exclude."
dr melissa holowaty,Keep,Continue observing,ARC - Search - Services,Therapy - Chronic Pain,Therapy - Chronic Pain,0.0,1.0,0.0,0.0,Low-risk exploratory query with no urgent action from this report.,"Reply Focus, Keep, or Exclude."
dr perelman pain clinic,Exclude,Do not stage yet,ARC - Search - Services,Therapy - Chronic Pain,Therapy - Chronic Pain,0.0,1.0,0.0,0.0,"Likely non-service, provider, institution, supplement, procedure, or clinic-seeking intent.","Reply Focus, Keep, or Exclude."
dr rozen pain clinic,Exclude,Do not stage yet,ARC - Search - Services,Therapy - Chronic Pain,Therapy - Chronic Pain,0.0,1.0,0.0,0.0,"Likely non-service, provider, institution, supplement, procedure, or clinic-seeking intent.","Reply Focus, Keep, or Exclude."
dry needling for nerve pain,Exclude,Do not stage yet,ARC - Search - Services,Therapy - Chronic Pain,Therapy - Chronic Pain,0.0,1.0,0.0,0.0,"Likely non-service, provider, institution, supplement, procedure, or clinic-seeking intent.","Reply Focus, Keep, or Exclude."
e m d r therapy,Keep,Continue observing,ARC - Search - Services,Therapy - EMDR,Therapy - EMDR,0.0,1.0,0.0,0.0,Low-risk exploratory query with no urgent action from this report.,"Reply Focus, Keep, or Exclude."
eating for ibs,Keep,Continue observing,ARC - Search - Services,Therapy - IBS & Gut Health,Therapy - IBS & Gut Health,0.0,1.0,0.0,0.0,Low-risk exploratory query with no urgent action from this report.,"Reply Focus, Keep, or Exclude."
emdr and cptsd,Keep,Continue observing,ARC - Search - Services,Therapy - EMDR,Therapy - EMDR,0.0,1.0,0.0,0.0,Low-risk exploratory query with no urgent action from this report.,"Reply Focus, Keep, or Exclude."
emdr canada,Keep,Continue observing,ARC - Search - Services,Therapy - Trauma & PTSD,Therapy - EMDR,0.0,1.0,0.0,0.0,Low-risk exploratory query with no urgent action from this report.,"Reply Focus, Keep, or Exclude."
emdr cbt therapy,Keep,Continue observing,ARC - Search - Services,Therapy - EMDR,Therapy - EMDR,0.0,1.0,0.0,0.0,Low-risk exploratory query with no urgent action from this report.,"Reply Focus, Keep, or Exclude."
emdr childhood trauma,Keep,Continue observing,ARC - Search - Services,Therapy - EMDR,Therapy - EMDR,0.0,1.0,0.0,0.0,Low-risk exploratory query with no urgent action from this report.,"Reply Focus, Keep, or Exclude."
emdr eye movement desensitization and reprocessing,Keep,Continue observing,ARC - Search - Services,Therapy - Trauma & PTSD,Therapy - EMDR,0.0,1.0,0.0,0.0,Low-risk exploratory query with no urgent action from this report.,"Reply Focus, Keep, or Exclude."
emdr for adhd,Keep,Continue observing,ARC - Search - Services,Therapy - EMDR,Therapy - EMDR,0.0,1.0,0.0,0.0,Low-risk exploratory query with no urgent action from this report.,"Reply Focus, Keep, or Exclude."
emdr for attachment issues,Keep,Continue observing,ARC - Search - Services,Therapy - EMDR,Therapy - EMDR,0.0,1.0,0.0,0.0,Low-risk exploratory query with no urgent action from this report.,"Reply Focus, Keep, or Exclude."
emdr mississauga,Review,"Client to mark Focus, Keep, or Exclude",ARC - Search - Services,Therapy - EMDR,Therapy - EMDR,0.0,1.0,0.0,0.0,Geo-modified service term. Confirm whether this city and service should become an active focus.,"Reply Focus, Keep, or Exclude."
emdr rapid eye movement therapy,Keep,Continue observing,ARC - Search - Services,Therapy - EMDR,Therapy - EMDR,0.0,1.0,0.0,0.0,Low-risk exploratory query with no urgent action from this report.,"Reply Focus, Keep, or Exclude."
emdr somatic therapy near me,Keep,Continue observing,ARC - Search - Services,Therapy - EMDR,Therapy - EMDR,0.0,1.0,0.0,0.0,Low-risk exploratory query with no urgent action from this report.,"Reply Focus, Keep, or Exclude."
emdr tapping,Keep,Continue observing,ARC - Search - Services,Therapy - EMDR,Therapy - EMDR,0.0,1.0,0.0,0.0,Low-risk exploratory query with no urgent action from this report.,"Reply Focus, Keep, or Exclude."
emdr therapy barrie,Exclude,Do not stage yet,ARC - Search - Services,Therapy - EMDR,Therapy - EMDR,0.0,1.0,0.0,0.0,"Likely non-service, provider, institution, supplement, procedure, or clinic-seeking intent.","Reply Focus, Keep, or Exclude."
emdr therapy covered by insurance,Keep,Continue observing,ARC - Search - Services,Therapy - EMDR,Therapy - EMDR,0.0,1.0,0.0,0.0,Low-risk exploratory query with no urgent action from this report.,"Reply Focus, Keep, or Exclude."
emdr therapy in person,Keep,Continue observing,ARC - Search - Services,Therapy - EMDR,Therapy - EMDR,0.0,1.0,0.0,0.0,Low-risk exploratory query with no urgent action from this report.,"Reply Focus, Keep, or Exclude."
emdr therapy means,Keep,Continue observing,ARC - Search - Services,Therapy - EMDR,Therapy - EMDR,0.0,1.0,0.0,0.0,Low-risk exploratory query with no urgent action from this report.,"Reply Focus, Keep, or Exclude."
emdr therapy north york,Review,"Client to mark Focus, Keep, or Exclude",ARC - Search - Services,Therapy - EMDR,Therapy - EMDR,0.0,1.0,0.0,0.0,Geo-modified service term. Confirm whether this city and service should become an active focus.,"Reply Focus, Keep, or Exclude."
emdr therapy ontario,Review,"Client to mark Focus, Keep, or Exclude",ARC - Search - Services,Therapy - EMDR,Therapy - EMDR,0.0,1.0,0.0,0.0,Geo-modified service term. Confirm whether this city and service should become an active focus.,"Reply Focus, Keep, or Exclude."
emdr therapy therapist,Keep,Continue observing,ARC - Search - Services,Therapy - EMDR,Therapy - EMDR,0.0,1.0,0.0,0.0,Low-risk exploratory query with no urgent action from this report.,"Reply Focus, Keep, or Exclude."
emdr therapy thunder bay,Keep,Continue observing,ARC - Search - Services,Therapy - EMDR,Therapy - EMDR,0.0,1.0,0.0,0.0,Low-risk exploratory query with no urgent action from this report.,"Reply Focus, Keep, or Exclude."
emdr therapy vaughan,Review,"Client to mark Focus, Keep, or Exclude",ARC - Search - Services,Therapy - EMDR,Therapy - EMDR,0.0,1.0,0.0,0.0,Geo-modified service term. Confirm whether this city and service should become an active focus.,"Reply Focus, Keep, or Exclude."
emdr therapy whitby,Keep,Continue observing,ARC - Search - Services,Therapy - EMDR,Therapy - EMDR,0.0,1.0,0.0,0.0,Low-risk exploratory query with no urgent action from this report.,"Reply Focus, Keep, or Exclude."
emdr trauma therapy toronto,Review,"Client to mark Focus, Keep, or Exclude",ARC - Search - Services,Therapy - EMDR,Therapy - EMDR,0.0,1.0,0.0,0.0,Geo-modified service term. Confirm whether this city and service should become an active focus.,"Reply Focus, Keep, or Exclude."
emdr vs dbr,Keep,Continue observing,ARC - Search - Services,Therapy - EMDR,Therapy - EMDR,0.0,1.0,0.0,0.0,Low-risk exploratory query with no urgent action from this report.,"Reply Focus, Keep, or Exclude."
emt eye movement therapy,Keep,Continue observing,ARC - Search - Services,Therapy - EMDR,Therapy - EMDR,0.0,1.0,0.0,0.0,Low-risk exploratory query with no urgent action from this report.,"Reply Focus, Keep, or Exclude."
ensure and ibs,Keep,Continue observing,ARC - Search - Services,Therapy - IBS & Gut Health,Therapy - IBS & Gut Health,0.0,1.0,0.0,0.0,Low-risk exploratory query with no urgent action from this report.,"Reply Focus, Keep, or Exclude."
erp therapy,Keep,Continue observing,ARC - Search - Services,Therapy - Chronic Illness,Therapy - Chronic Illness,0.0,1.0,0.0,0.0,Low-risk exploratory query with no urgent action from this report.,"Reply Focus, Keep, or Exclude."
erp therapy toronto,Keep,Continue observing,ARC - Search - Services,Therapy - Chronic Illness,Therapy - Chronic Illness,0.0,1.0,0.0,0.0,Low-risk exploratory query with no urgent action from this report.,"Reply Focus, Keep, or Exclude."
evette meikle,Keep,Continue observing,ARC - Search - Services,Therapy - Trauma & PTSD,Therapy - Trauma & PTSD,0.0,1.0,0.0,0.0,Low-risk exploratory query with no urgent action from this report.,"Reply Focus, Keep, or Exclude."
eye movement therapy for anxiety,Keep,Continue observing,ARC - Search - Services,Therapy - EMDR,Therapy - EMDR,0.0,1.0,0.0,0.0,Low-risk exploratory query with no urgent action from this report.,"Reply Focus, Keep, or Exclude."
eye therapy for trauma,Keep,Continue observing,ARC - Search - Services,Therapy - EMDR,Therapy - Trauma & PTSD,0.0,1.0,0.0,0.0,Low-risk exploratory query with no urgent action from this report.,"Reply Focus, Keep, or Exclude."
fibre for ibs,Keep,Continue observing,ARC - Search - Services,Therapy - IBS & Gut Health,Therapy - IBS & Gut Health,0.0,1.0,0.0,0.0,Low-risk exploratory query with no urgent action from this report.,"Reply Focus, Keep, or Exclude."
fibromyalgia psychotherapy,Keep,Continue observing,ARC - Search - Services,Therapy - Chronic Pain,Therapy - Chronic Pain,0.0,1.0,0.0,0.0,Low-risk exploratory query with no urgent action from this report.,"Reply Focus, Keep, or Exclude."
florastor ibs sci,Exclude,Do not stage yet,ARC - Search - Services,Therapy - IBS & Gut Health,Therapy - IBS & Gut Health,0.0,1.0,0.0,0.0,"Likely non-service, provider, institution, supplement, procedure, or clinic-seeking intent.","Reply Focus, Keep, or Exclude."
foods for ibs flare up,Keep,Continue observing,ARC - Search - Services,Therapy - IBS & Gut Health,Therapy - IBS & Gut Health,0.0,1.0,0.0,0.0,Low-risk exploratory query with no urgent action from this report.,"Reply Focus, Keep, or Exclude."
foot pain relief near me,Keep,Continue observing,ARC - Search - Services,Therapy - Chronic Pain,Therapy - Chronic Pain,0.0,1.0,0.0,0.0,Low-risk exploratory query with no urgent action from this report.,"Reply Focus, Keep, or Exclude."
grief counselling scarborough,Keep,Continue observing,ARC - Search - Services,Therapy - Chronic Illness,Therapy - Chronic Illness,0.0,1.0,0.0,0.0,Low-risk exploratory query with no urgent action from this report.,"Reply Focus, Keep, or Exclude."
gut health dietician near me,Exclude,Do not stage yet,ARC - Search - Services,Therapy - IBS & Gut Health,Therapy - IBS & Gut Health,0.0,1.0,0.0,0.0,"Likely non-service, provider, institution, supplement, procedure, or clinic-seeking intent.","Reply Focus, Keep, or Exclude."
gut health improvement,Keep,Continue observing,ARC - Search - Services,Therapy - IBS & Gut Health,Therapy - IBS & Gut Health,0.0,1.0,0.0,0.0,Low-risk exploratory query with no urgent action from this report.,"Reply Focus, Keep, or Exclude."
gut health nutritionist,Keep,Continue observing,ARC - Search - Services,Therapy - IBS & Gut Health,Therapy - IBS & Gut Health,0.0,1.0,0.0,0.0,Low-risk exploratory query with no urgent action from this report.,"Reply Focus, Keep, or Exclude."
gut therapy,Keep,Continue observing,ARC - Search - Services,Therapy - IBS & Gut Health,Therapy - IBS & Gut Health,0.0,1.0,0.0,0.0,Low-risk exploratory query with no urgent action from this report.,"Reply Focus, Keep, or Exclude."
healing roots therapy mississauga,Keep,Continue observing,ARC - Search - Services,Therapy - Chronic Illness,Therapy - Chronic Illness,0.0,1.0,0.0,0.0,Low-risk exploratory query with no urgent action from this report.,"Reply Focus, Keep, or Exclude."
hf care asian mental health and well being markham,Exclude,Do not stage yet,ARC - Search - Services,Therapy - Chronic Illness,Therapy - Chronic Illness,0.0,1.0,0.0,0.0,"Likely non-service, provider, institution, supplement, procedure, or clinic-seeking intent.","Reply Focus, Keep, or Exclude."
hmf ibs relief,Keep,Continue observing,ARC - Search - Services,Therapy - IBS & Gut Health,Therapy - IBS & Gut Health,0.0,1.0,0.0,0.0,Low-risk exploratory query with no urgent action from this report.,"Reply Focus, Keep, or Exclude."
hope and me toronto,Keep,Continue observing,ARC - Search - Services,Therapy - Chronic Illness,Therapy - Chronic Illness,0.0,1.0,0.0,0.0,Low-risk exploratory query with no urgent action from this report.,"Reply Focus, Keep, or Exclude."
how do you get rid of ibs,Keep,Continue observing,ARC - Search - Services,Therapy - IBS & Gut Health,Therapy - IBS & Gut Health,0.0,1.0,0.0,0.0,Informational therapy research query. Keep visible unless the client wants tighter pruning.,"Reply Focus, Keep, or Exclude."
how do you heal childhood trauma,Keep,Continue observing,ARC - Search - Services,Therapy - Trauma & PTSD,Therapy - Trauma & PTSD,0.0,1.0,0.0,0.0,Informational therapy research query. Keep visible unless the client wants tighter pruning.,"Reply Focus, Keep, or Exclude."
how is ibs treated,Keep,Continue observing,ARC - Search - Services,Therapy - IBS & Gut Health,Therapy - IBS & Gut Health,0.0,1.0,0.0,0.0,Informational therapy research query. Keep visible unless the client wants tighter pruning.,"Reply Focus, Keep, or Exclude."
hypnosis for back pain,Keep,Continue observing,ARC - Search - Services,Therapy - Chronic Pain,Therapy - Chronic Pain,0.0,1.0,0.0,0.0,Informational therapy research query. Keep visible unless the client wants tighter pruning.,"Reply Focus, Keep, or Exclude."
hypnotherapy ibs,Keep,Continue observing,ARC - Search - Services,Therapy - IBS & Gut Health,Therapy - IBS & Gut Health,0.0,1.0,0.0,0.0,Low-risk exploratory query with no urgent action from this report.,"Reply Focus, Keep, or Exclude."
ibs and homeopathy,Keep,Continue observing,ARC - Search - Services,Therapy - IBS & Gut Health,Therapy - IBS & Gut Health,0.0,1.0,0.0,0.0,Low-risk exploratory query with no urgent action from this report.,"Reply Focus, Keep, or Exclude."
ibs best medicine,Exclude,Do not stage yet,ARC - Search - Services,Therapy - IBS & Gut Health,Therapy - IBS & Gut Health,0.0,1.0,0.0,0.0,"Likely non-service, provider, institution, supplement, procedure, or clinic-seeking intent.","Reply Focus, Keep, or Exclude."
ibs dietitian toronto,Exclude,Do not stage yet,ARC - Search - Services,Therapy - IBS & Gut Health,Therapy - IBS & Gut Health,0.0,1.0,0.0,0.0,"Likely non-service, provider, institution, supplement, procedure, or clinic-seeking intent.","Reply Focus, Keep, or Exclude."
ibs help,Keep,Continue observing,ARC - Search - Services,Therapy - IBS & Gut Health,Therapy - IBS & Gut Health,0.0,1.0,0.0,0.0,Low-risk exploratory query with no urgent action from this report.,"Reply Focus, Keep, or Exclude."
ibs hypnosis,Keep,Continue observing,ARC - Search - Services,Therapy - IBS & Gut Health,Therapy - IBS & Gut Health,0.0,1.0,0.0,0.0,Low-risk exploratory query with no urgent action from this report.,"Reply Focus, Keep, or Exclude."
ibs pain relief,Keep,Continue observing,ARC - Search - Services,Therapy - IBS & Gut Health,Therapy - IBS & Gut Health,0.0,1.0,0.0,0.0,Low-risk exploratory query with no urgent action from this report.,"Reply Focus, Keep, or Exclude."
ibs relief biotic,Keep,Continue observing,ARC - Search - Services,Therapy - IBS & Gut Health,Therapy - IBS & Gut Health,0.0,1.0,0.0,0.0,Low-risk exploratory query with no urgent action from this report.,"Reply Focus, Keep, or Exclude."
ibs specialist,Exclude,Do not stage yet,ARC - Search - Services,Therapy - IBS & Gut Health,Therapy - IBS & Gut Health,0.0,1.0,0.0,0.0,"Likely non-service, provider, institution, supplement, procedure, or clinic-seeking intent.","Reply Focus, Keep, or Exclude."
ibs treatment women,Keep,Continue observing,ARC - Search - Services,Therapy - IBS & Gut Health,Therapy - IBS & Gut Health,0.0,1.0,0.0,0.0,Low-risk exploratory query with no urgent action from this report.,"Reply Focus, Keep, or Exclude."
inner child healing therapy,Keep,Continue observing,ARC - Search - Services,Therapy - Trauma & PTSD,Therapy - Trauma & PTSD,0.0,1.0,0.0,0.0,Low-risk exploratory query with no urgent action from this report.,"Reply Focus, Keep, or Exclude."
inner child healing therapy near me,Keep,Continue observing,ARC - Search - Services,Therapy - Trauma & PTSD,Therapy - Trauma & PTSD,0.0,1.0,0.0,0.0,Low-risk exploratory query with no urgent action from this report.,"Reply Focus, Keep, or Exclude."
inner child therapy,Keep,Continue observing,ARC - Search - Services,Therapy - Trauma & PTSD,Therapy - Trauma & PTSD,0.0,1.0,0.0,0.0,Low-risk exploratory query with no urgent action from this report.,"Reply Focus, Keep, or Exclude."
intensive mental health program,Keep,Continue observing,ARC - Search - Services,Therapy - Chronic Illness,Therapy - Chronic Illness,0.0,1.0,0.0,0.0,Low-risk exploratory query with no urgent action from this report.,"Reply Focus, Keep, or Exclude."
intensive trauma therapy,Keep,Continue observing,ARC - Search - Services,Therapy - Trauma & PTSD,Therapy - Trauma & PTSD,0.0,1.0,0.0,0.0,Low-risk exploratory query with no urgent action from this report.,"Reply Focus, Keep, or Exclude."
ipssc toronto,Keep,Continue observing,ARC - Search - Services,Therapy - Chronic Pain,Therapy - Chronic Pain,0.0,1.0,0.0,0.0,Low-risk exploratory query with no urgent action from this report.,"Reply Focus, Keep, or Exclude."
irritable bowel syndrome treatment canada,Keep,Continue observing,ARC - Search - Services,Therapy - IBS & Gut Health,Therapy - IBS & Gut Health,0.0,1.0,0.0,0.0,Low-risk exploratory query with no urgent action from this report.,"Reply Focus, Keep, or Exclude."
is emdr,Keep,Continue observing,ARC - Search - Services,Therapy - EMDR,Therapy - EMDR,0.0,1.0,0.0,0.0,Informational therapy research query. Keep visible unless the client wants tighter pruning.,"Reply Focus, Keep, or Exclude."
is emdr effective,Keep,Continue observing,ARC - Search - Services,Therapy - EMDR,Therapy - EMDR,0.0,1.0,0.0,0.0,Informational therapy research query. Keep visible unless the client wants tighter pruning.,"Reply Focus, Keep, or Exclude."
kijimea ibs pro,Keep,Continue observing,ARC - Search - Services,Therapy - IBS & Gut Health,Therapy - IBS & Gut Health,0.0,1.0,0.0,0.0,Low-risk exploratory query with no urgent action from this report.,"Reply Focus, Keep, or Exclude."
klaire labs ther biotic pro ibs relief capsules,Keep,Continue observing,ARC - Search - Services,Therapy - IBS & Gut Health,Therapy - IBS & Gut Health,0.0,1.0,0.0,0.0,Low-risk exploratory query with no urgent action from this report.,"Reply Focus, Keep, or Exclude."
laser machine for pain relief,Keep,Continue observing,ARC - Search - Services,Therapy - Chronic Pain,Therapy - Chronic Pain,0.0,1.0,0.0,0.0,Low-risk exploratory query with no urgent action from this report.,"Reply Focus, Keep, or Exclude."
magnetic therapy for pain,Keep,Continue observing,ARC - Search - Services,Therapy - Chronic Pain,Therapy - Chronic Pain,0.0,1.0,0.0,0.0,Low-risk exploratory query with no urgent action from this report.,"Reply Focus, Keep, or Exclude."
managing ibs flare up,Keep,Continue observing,ARC - Search - Services,Therapy - IBS & Gut Health,Therapy - IBS & Gut Health,0.0,1.0,0.0,0.0,Low-risk exploratory query with no urgent action from this report.,"Reply Focus, Keep, or Exclude."
meditation for ibs diarrhea,Keep,Continue observing,ARC - Search - Services,Therapy - IBS & Gut Health,Therapy - IBS & Gut Health,0.0,1.0,0.0,0.0,Low-risk exploratory query with no urgent action from this report.,"Reply Focus, Keep, or Exclude."
mental health services for seniors,Keep,Continue observing,ARC - Search - Services,Therapy - Chronic Illness,Therapy - Chronic Illness,0.0,1.0,0.0,0.0,Low-risk exploratory query with no urgent action from this report.,"Reply Focus, Keep, or Exclude."
mindful therapy,Keep,Continue observing,ARC - Search - Services,Therapy - Chronic Illness,Therapy - Chronic Illness,0.0,1.0,0.0,0.0,Low-risk exploratory query with no urgent action from this report.,"Reply Focus, Keep, or Exclude."
mls laser near me,Keep,Continue observing,ARC - Search - Services,Therapy - Chronic Pain,Therapy - Chronic Pain,0.0,1.0,0.0,0.0,Low-risk exploratory query with no urgent action from this report.,"Reply Focus, Keep, or Exclude."
narcissistic abuse counselling,Keep,Continue observing,ARC - Search - Services,Therapy - Trauma & PTSD,Therapy - Trauma & PTSD,0.0,1.0,0.0,0.0,Low-risk exploratory query with no urgent action from this report.,"Reply Focus, Keep, or Exclude."
neridronate for crps,Keep,Continue observing,ARC - Search - Services,Therapy - Chronic Pain,Therapy - Chronic Pain,0.0,1.0,0.0,0.0,Low-risk exploratory query with no urgent action from this report.,"Reply Focus, Keep, or Exclude."
nerve ablation lower back,Keep,Continue observing,ARC - Search - Services,Therapy - Chronic Pain,Therapy - Chronic Pain,0.0,1.0,0.0,0.0,Low-risk exploratory query with no urgent action from this report.,"Reply Focus, Keep, or Exclude."
new light pain clinic north york,Exclude,Do not stage yet,ARC - Search - Services,Therapy - Chronic Pain,Therapy - Chronic Pain,0.0,1.0,0.0,0.0,"Likely non-service, provider, institution, supplement, procedure, or clinic-seeking intent.","Reply Focus, Keep, or Exclude."
ocd therapist,Keep,Continue observing,ARC - Search - Services,Therapy - Chronic Illness,Therapy - Chronic Illness,0.0,1.0,0.0,0.0,Low-risk exploratory query with no urgent action from this report.,"Reply Focus, Keep, or Exclude."
ocd therapy,Keep,Continue observing,ARC - Search - Services,Therapy - Chronic Illness,Therapy - Chronic Illness,0.0,1.0,0.0,0.0,Low-risk exploratory query with no urgent action from this report.,"Reply Focus, Keep, or Exclude."
ontario pain clinics,Exclude,Do not stage yet,ARC - Search - Services,Therapy - Chronic Pain,Therapy - Chronic Pain,0.0,1.0,0.0,0.0,"Likely non-service, provider, institution, supplement, procedure, or clinic-seeking intent.","Reply Focus, Keep, or Exclude."
ontario pain clinics locations,Exclude,Do not stage yet,ARC - Search - Services,Therapy - Chronic Pain,Therapy - Chronic Pain,0.0,1.0,0.0,0.0,"Likely non-service, provider, institution, supplement, procedure, or clinic-seeking intent.","Reply Focus, Keep, or Exclude."
pain and wellness clinic,Exclude,Do not stage yet,ARC - Search - Services,Therapy - Chronic Pain,Therapy - Chronic Pain,0.0,1.0,0.0,0.0,"Likely non-service, provider, institution, supplement, procedure, or clinic-seeking intent.","Reply Focus, Keep, or Exclude."
pain care near me,Keep,Continue observing,ARC - Search - Services,Therapy - Chronic Pain,Therapy - Chronic Pain,0.0,1.0,0.0,0.0,Low-risk exploratory query with no urgent action from this report.,"Reply Focus, Keep, or Exclude."
pain clinic ajax,Exclude,Do not stage yet,ARC - Search - Services,Therapy - Chronic Pain,Therapy - Chronic Pain,0.0,1.0,0.0,0.0,"Likely non-service, provider, institution, supplement, procedure, or clinic-seeking intent.","Reply Focus, Keep, or Exclude."
pain clinic barrie,Exclude,Do not stage yet,ARC - Search - Services,Therapy - Chronic Pain,Therapy - Chronic Pain,0.0,1.0,0.0,0.0,"Likely non-service, provider, institution, supplement, procedure, or clinic-seeking intent.","Reply Focus, Keep, or Exclude."
pain clinic brampton queen street,Exclude,Do not stage yet,ARC - Search - Services,Therapy - Chronic Pain,Therapy - Chronic Pain,0.0,1.0,0.0,0.0,"Likely non-service, provider, institution, supplement, procedure, or clinic-seeking intent.","Reply Focus, Keep, or Exclude."
pain clinic etobicoke,Exclude,Do not stage yet,ARC - Search - Services,Therapy - Chronic Pain,Therapy - Chronic Pain,0.0,1.0,0.0,0.0,"Likely non-service, provider, institution, supplement, procedure, or clinic-seeking intent.","Reply Focus, Keep, or Exclude."
pain clinic mississauga queensway,Exclude,Do not stage yet,ARC - Search - Services,Therapy - Chronic Pain,Therapy - Chronic Pain,0.0,1.0,0.0,0.0,"Likely non-service, provider, institution, supplement, procedure, or clinic-seeking intent.","Reply Focus, Keep, or Exclude."
pain clinic st michael's hospital,Exclude,Do not stage yet,ARC - Search - Services,Therapy - Chronic Pain,Therapy - Chronic Pain,0.0,1.0,0.0,0.0,"Likely non-service, provider, institution, supplement, procedure, or clinic-seeking intent.","Reply Focus, Keep, or Exclude."
pain reprocessing theory,Keep,Continue observing,ARC - Search - Services,Therapy - Chronic Pain,Therapy - Chronic Pain,0.0,1.0,0.0,0.0,Low-risk exploratory query with no urgent action from this report.,"Reply Focus, Keep, or Exclude."
pain reprocessing therapy near me,Keep,Continue observing,ARC - Search - Services,Therapy - Chronic Pain,Therapy - Chronic Pain,0.0,1.0,0.0,0.0,Low-risk exploratory query with no urgent action from this report.,"Reply Focus, Keep, or Exclude."
pathways to healing & trauma therapy,Keep,Continue observing,ARC - Search - Services,Therapy - Trauma & PTSD,Therapy - Trauma & PTSD,0.0,1.0,0.0,0.0,Low-risk exploratory query with no urgent action from this report.,"Reply Focus, Keep, or Exclude."
peel region mental health services,Keep,Continue observing,ARC - Search - Services,Therapy - Chronic Illness,Therapy - Chronic Illness,0.0,1.0,0.0,0.0,Low-risk exploratory query with no urgent action from this report.,"Reply Focus, Keep, or Exclude."
precision care brampton,Keep,Continue observing,ARC - Search - Services,Therapy - Chronic Pain,Therapy - Chronic Pain,0.0,1.0,0.0,0.0,Low-risk exploratory query with no urgent action from this report.,"Reply Focus, Keep, or Exclude."
premiere pain,Keep,Continue observing,ARC - Search - Services,Therapy - Chronic Pain,Therapy - Chronic Pain,0.0,1.0,0.0,0.0,Low-risk exploratory query with no urgent action from this report.,"Reply Focus, Keep, or Exclude."
probiotic for irritable bowel syndrome,Exclude,Do not stage yet,ARC - Search - Services,Therapy - IBS & Gut Health,Therapy - IBS & Gut Health,0.0,1.0,0.0,0.0,"Likely non-service, provider, institution, supplement, procedure, or clinic-seeking intent.","Reply Focus, Keep, or Exclude."
probiotics for ibs,Exclude,Do not stage yet,ARC - Search - Services,Therapy - IBS & Gut Health,Therapy - IBS & Gut Health,0.0,1.0,0.0,0.0,"Likely non-service, provider, institution, supplement, procedure, or clinic-seeking intent.","Reply Focus, Keep, or Exclude."
progress place toronto,Keep,Continue observing,ARC - Search - Services,Therapy - Chronic Illness,Therapy - Chronic Illness,0.0,1.0,0.0,0.0,Low-risk exploratory query with no urgent action from this report.,"Reply Focus, Keep, or Exclude."
prt therapy near me,Keep,Continue observing,ARC - Search - Services,Therapy - Chronic Pain,Therapy - Chronic Pain,0.0,1.0,0.0,0.0,Low-risk exploratory query with no urgent action from this report.,"Reply Focus, Keep, or Exclude."
psychologist ptsd,Keep,Continue observing,ARC - Search - Services,Therapy - Trauma & PTSD,Therapy - Trauma & PTSD,0.0,1.0,0.0,0.0,Low-risk exploratory query with no urgent action from this report.,"Reply Focus, Keep, or Exclude."
psychosomatic therapy,Keep,Continue observing,ARC - Search - Services,Therapy - Chronic Illness,Therapy - Trauma & PTSD,0.0,1.0,0.0,0.0,Low-risk exploratory query with no urgent action from this report.,"Reply Focus, Keep, or Exclude."
psychotherapy scarborough,Keep,Continue observing,ARC - Search - Services,Therapy - Chronic Illness,Therapy - Chronic Illness,0.0,1.0,0.0,0.0,Low-risk exploratory query with no urgent action from this report.,"Reply Focus, Keep, or Exclude."
psychotherapy today emdr,Keep,Continue observing,ARC - Search - Services,Therapy - EMDR,Therapy - EMDR,0.0,1.0,0.0,0.0,Low-risk exploratory query with no urgent action from this report.,"Reply Focus, Keep, or Exclude."
ptsd rapid eye movement therapy,Keep,Continue observing,ARC - Search - Services,Therapy - EMDR,Therapy - EMDR,0.0,1.0,0.0,0.0,Low-risk exploratory query with no urgent action from this report.,"Reply Focus, Keep, or Exclude."
ptsd therapy near me,Keep,Continue observing,ARC - Search - Services,Therapy - Trauma & PTSD,Therapy - Trauma & PTSD,0.0,1.0,0.0,0.0,Low-risk exploratory query with no urgent action from this report.,"Reply Focus, Keep, or Exclude."
rtms ontario,Exclude,Do not stage yet,ARC - Search - Services,Therapy - Chronic Illness,Therapy - Chronic Illness,0.0,1.0,0.0,0.0,"Likely non-service, provider, institution, supplement, procedure, or clinic-seeking intent.","Reply Focus, Keep, or Exclude."
rtms painless medicine,Exclude,Do not stage yet,ARC - Search - Services,Therapy - Chronic Pain,Therapy - Chronic Pain,0.0,1.0,0.0,0.0,"Likely non-service, provider, institution, supplement, procedure, or clinic-seeking intent.","Reply Focus, Keep, or Exclude."
rtms treatment toronto,Exclude,Do not stage yet,ARC - Search - Services,Therapy - Chronic Illness,Therapy - Chronic Illness,0.0,1.0,0.0,0.0,"Likely non-service, provider, institution, supplement, procedure, or clinic-seeking intent.","Reply Focus, Keep, or Exclude."
sabrina tuzi,Keep,Continue observing,ARC - Regional - Search,Therapy - Trauma & PTSD,Therapy - Trauma & PTSD,0.0,1.0,0.0,0.0,Low-risk exploratory query with no urgent action from this report.,"Reply Focus, Keep, or Exclude."
scarborough psychotherapy services,Keep,Continue observing,ARC - Search - Services,Therapy - Chronic Illness,Therapy - Chronic Illness,0.0,1.0,0.0,0.0,Low-risk exploratory query with no urgent action from this report.,"Reply Focus, Keep, or Exclude."
sciatica specialist toronto,Exclude,Do not stage yet,ARC - Search - Services,Therapy - Chronic Pain,Therapy - Chronic Pain,0.0,1.0,0.0,0.0,"Likely non-service, provider, institution, supplement, procedure, or clinic-seeking intent.","Reply Focus, Keep, or Exclude."
scrambler therapy canada,Keep,Continue observing,ARC - Search - Services,Therapy - Chronic Pain,Therapy - Chronic Pain,0.0,1.0,0.0,0.0,Low-risk exploratory query with no urgent action from this report.,"Reply Focus, Keep, or Exclude."
sex trauma therapist,Keep,Continue observing,ARC - Search - Services,Therapy - Trauma & PTSD,Therapy - Trauma & PTSD,0.0,1.0,0.0,0.0,Low-risk exploratory query with no urgent action from this report.,"Reply Focus, Keep, or Exclude."
shivon raghunandan,Keep,Continue observing,ARC - Search - Services,Therapy - Trauma & PTSD,Therapy - Trauma & PTSD,0.0,1.0,0.0,0.0,Low-risk exploratory query with no urgent action from this report.,"Reply Focus, Keep, or Exclude."
somatic experiencing therapy toronto,Review,"Client to mark Focus, Keep, or Exclude",ARC - Search - Services,Therapy - Trauma & PTSD,Therapy - Trauma & PTSD,0.0,1.0,0.0,0.0,Geo-modified service term. Confirm whether this city and service should become an active focus.,"Reply Focus, Keep, or Exclude."
somatic practitioner,Keep,Continue observing,ARC - Search - Services,Therapy - Trauma & PTSD,Therapy - Trauma & PTSD,0.0,1.0,0.0,0.0,Low-risk exploratory query with no urgent action from this report.,"Reply Focus, Keep, or Exclude."
st michael's hospital pain clinic,Exclude,Do not stage yet,ARC - Search - Services,Therapy - Chronic Pain,Therapy - Chronic Pain,0.0,1.0,0.0,0.0,"Likely non-service, provider, institution, supplement, procedure, or clinic-seeking intent.","Reply Focus, Keep, or Exclude."
strides toronto,Keep,Continue observing,ARC - Search - Services,Therapy - Chronic Illness,Therapy - Chronic Illness,0.0,1.0,0.0,0.0,Low-risk exploratory query with no urgent action from this report.,"Reply Focus, Keep, or Exclude."
tanner murtagh,Keep,Continue observing,ARC - Search - Services,Therapy - Chronic Pain,Therapy - Chronic Pain,0.0,1.0,0.0,0.0,Low-risk exploratory query with no urgent action from this report.,"Reply Focus, Keep, or Exclude."
tapping therapy emdr,Keep,Continue observing,ARC - Search - Services,Therapy - EMDR,Therapy - EMDR,0.0,1.0,0.0,0.0,Low-risk exploratory query with no urgent action from this report.,"Reply Focus, Keep, or Exclude."
tapping therapy for trauma,Keep,Continue observing,ARC - Search - Services,Therapy - Trauma & PTSD,Therapy - Trauma & PTSD,0.0,1.0,0.0,0.0,Low-risk exploratory query with no urgent action from this report.,"Reply Focus, Keep, or Exclude."
the gut centre toronto,Review,"Client to mark Focus, Keep, or Exclude",ARC - Search - Services,Therapy - IBS & Gut Health,Therapy - IBS & Gut Health,0.0,1.0,0.0,0.0,Geo-modified service term. Confirm whether this city and service should become an active focus.,"Reply Focus, Keep, or Exclude."
the insight clinic whitby,Exclude,Do not stage yet,ARC - Search - Services,Therapy - Chronic Illness,Therapy - Chronic Illness,0.0,1.0,0.0,0.0,"Likely non-service, provider, institution, supplement, procedure, or clinic-seeking intent.","Reply Focus, Keep, or Exclude."
the mind people oakville,Keep,Continue observing,ARC - Search - Services,Therapy - Chronic Illness,Therapy - Chronic Illness,0.0,1.0,0.0,0.0,Low-risk exploratory query with no urgent action from this report.,"Reply Focus, Keep, or Exclude."
therapist cptsd,Keep,Continue observing,ARC - Search - Services,Therapy - Trauma & PTSD,Therapy - Trauma & PTSD,0.0,1.0,0.0,0.0,Low-risk exploratory query with no urgent action from this report.,"Reply Focus, Keep, or Exclude."
therapist emdr,Keep,Continue observing,ARC - Search - Services,Therapy - EMDR,Therapy - EMDR,0.0,1.0,0.0,0.0,Low-risk exploratory query with no urgent action from this report.,"Reply Focus, Keep, or Exclude."
therapist for trauma bonds,Keep,Continue observing,ARC - Search - Services,Therapy - Trauma & PTSD,Therapy - Trauma & PTSD,0.0,1.0,0.0,0.0,Low-risk exploratory query with no urgent action from this report.,"Reply Focus, Keep, or Exclude."
therapy for police officers,Keep,Continue observing,ARC - Search - Services,Therapy - First Responder,Therapy - First Responder,0.0,1.0,0.0,0.0,Low-risk exploratory query with no urgent action from this report.,"Reply Focus, Keep, or Exclude."
therapy for ptsd and trauma,Keep,Continue observing,ARC - Search - Services,Therapy - Trauma & PTSD,Therapy - Trauma & PTSD,0.0,1.0,0.0,0.0,Low-risk exploratory query with no urgent action from this report.,"Reply Focus, Keep, or Exclude."
therapy to forget trauma,Keep,Continue observing,ARC - Search - Services,Therapy - Trauma & PTSD,Therapy - Trauma & PTSD,0.0,1.0,0.0,0.0,Low-risk exploratory query with no urgent action from this report.,"Reply Focus, Keep, or Exclude."
therapy with eye movement,Keep,Continue observing,ARC - Search - Services,Therapy - EMDR,Therapy - EMDR,0.0,1.0,0.0,0.0,Low-risk exploratory query with no urgent action from this report.,"Reply Focus, Keep, or Exclude."
trauma focused cognitive behavioral therapy for sexually abused children,Keep,Continue observing,ARC - Search - Services,Therapy - Trauma & PTSD,Therapy - Trauma & PTSD,0.0,1.0,0.0,0.0,Low-risk exploratory query with no urgent action from this report.,"Reply Focus, Keep, or Exclude."
trauma informed care,Keep,Continue observing,ARC - Search - Services,Therapy - Trauma & PTSD,Therapy - Trauma & PTSD,0.0,1.0,0.0,0.0,Low-risk exploratory query with no urgent action from this report.,"Reply Focus, Keep, or Exclude."
trauma informed counselling,Keep,Continue observing,ARC - Search - Services,Therapy - Trauma & PTSD,Therapy - Trauma & PTSD,0.0,1.0,0.0,0.0,Low-risk exploratory query with no urgent action from this report.,"Reply Focus, Keep, or Exclude."
trauma informed movement,Keep,Continue observing,ARC - Search - Services,Therapy - Trauma & PTSD,Therapy - Trauma & PTSD,0.0,1.0,0.0,0.0,Low-risk exploratory query with no urgent action from this report.,"Reply Focus, Keep, or Exclude."
trauma informed psychotherapist,Keep,Continue observing,ARC - Search - Services,Therapy - Trauma & PTSD,Therapy - Trauma & PTSD,0.0,1.0,0.0,0.0,Low-risk exploratory query with no urgent action from this report.,"Reply Focus, Keep, or Exclude."
trauma ptsd therapist near me,Keep,Continue observing,ARC - Search - Services,Therapy - Trauma & PTSD,Therapy - Trauma & PTSD,0.0,1.0,0.0,0.0,Low-risk exploratory query with no urgent action from this report.,"Reply Focus, Keep, or Exclude."
trauma therapy near me,Keep,Continue observing,ARC - Search - Services,Therapy - Trauma & PTSD,Therapy - Trauma & PTSD,0.0,1.0,0.0,0.0,Low-risk exploratory query with no urgent action from this report.,"Reply Focus, Keep, or Exclude."
trauma therapy ontario,Review,"Client to mark Focus, Keep, or Exclude",ARC - Search - Services,Therapy - Trauma & PTSD,Therapy - Trauma & PTSD,0.0,1.0,0.0,0.0,Geo-modified service term. Confirm whether this city and service should become an active focus.,"Reply Focus, Keep, or Exclude."
treatment for sciatica,Keep,Continue observing,ARC - Search - Services,Therapy - Chronic Pain,Therapy - Chronic Pain,0.0,1.0,0.0,0.0,Low-risk exploratory query with no urgent action from this report.,"Reply Focus, Keep, or Exclude."
treatment of ibs,Keep,Continue observing,ARC - Search - Services,Therapy - IBS & Gut Health,Therapy - IBS & Gut Health,0.0,1.0,0.0,0.0,Low-risk exploratory query with no urgent action from this report.,"Reply Focus, Keep, or Exclude."
treatment of ibs in adults,Keep,Continue observing,ARC - Search - Services,Therapy - IBS & Gut Health,Therapy - IBS & Gut Health,0.0,1.0,0.0,0.0,Low-risk exploratory query with no urgent action from this report.,"Reply Focus, Keep, or Exclude."
treatment of ibs in females,Keep,Continue observing,ARC - Search - Services,Therapy - IBS & Gut Health,Therapy - IBS & Gut Health,0.0,1.0,0.0,0.0,Low-risk exploratory query with no urgent action from this report.,"Reply Focus, Keep, or Exclude."
treatments for ibs,Keep,Continue observing,ARC - Search - Services,Therapy - IBS & Gut Health,Therapy - IBS & Gut Health,0.0,1.0,0.0,0.0,Low-risk exploratory query with no urgent action from this report.,"Reply Focus, Keep, or Exclude."
trp natural relief,Keep,Continue observing,ARC - Search - Services,Therapy - IBS & Gut Health,Therapy - IBS & Gut Health,0.0,1.0,0.0,0.0,Low-risk exploratory query with no urgent action from this report.,"Reply Focus, Keep, or Exclude."
what can i do to relieve sciatica pain,Keep,Continue observing,ARC - Search - Services,Therapy - Chronic Pain,Therapy - Chronic Pain,0.0,1.0,0.0,0.0,Informational therapy research query. Keep visible unless the client wants tighter pruning.,"Reply Focus, Keep, or Exclude."
what does emdr,Keep,Continue observing,ARC - Search - Services,Therapy - EMDR,Therapy - EMDR,0.0,1.0,0.0,0.0,Informational therapy research query. Keep visible unless the client wants tighter pruning.,"Reply Focus, Keep, or Exclude."
what heals trauma,Keep,Continue observing,ARC - Search - Services,Therapy - Trauma & PTSD,Therapy - Trauma & PTSD,0.0,1.0,0.0,0.0,Informational therapy research query. Keep visible unless the client wants tighter pruning.,"Reply Focus, Keep, or Exclude."
what helps fibromyalgia pain,Keep,Continue observing,ARC - Search - Services,Therapy - Chronic Pain,Therapy - Chronic Pain,0.0,1.0,0.0,0.0,Informational therapy research query. Keep visible unless the client wants tighter pruning.,"Reply Focus, Keep, or Exclude."
what helps ibs go away fast,Keep,Continue observing,ARC - Search - Services,Therapy - IBS & Gut Health,Therapy - IBS & Gut Health,0.0,1.0,0.0,0.0,Informational therapy research query. Keep visible unless the client wants tighter pruning.,"Reply Focus, Keep, or Exclude."
what helps with spinal stenosis pain,Keep,Continue observing,ARC - Search - Services,Therapy - Chronic Pain,Therapy - Chronic Pain,0.0,1.0,0.0,0.0,Informational therapy research query. Keep visible unless the client wants tighter pruning.,"Reply Focus, Keep, or Exclude."
what is good for irritable bowel syndrome,Keep,Continue observing,ARC - Search - Services,Therapy - IBS & Gut Health,Therapy - IBS & Gut Health,0.0,1.0,0.0,0.0,Informational therapy research query. Keep visible unless the client wants tighter pruning.,"Reply Focus, Keep, or Exclude."
what is gut hypnotherapy,Keep,Continue observing,ARC - Search - Services,Therapy - IBS & Gut Health,Therapy - IBS & Gut Health,0.0,1.0,0.0,0.0,Informational therapy research query. Keep visible unless the client wants tighter pruning.,"Reply Focus, Keep, or Exclude."
what is the best painkiller for fibromyalgia,Keep,Continue observing,ARC - Search - Services,Therapy - Chronic Pain,Therapy - Chronic Pain,0.0,1.0,0.0,0.0,Informational therapy research query. Keep visible unless the client wants tighter pruning.,"Reply Focus, Keep, or Exclude."
what is the best treatment for chronic lower back pain,Keep,Continue observing,ARC - Search - Services,Therapy - Chronic Pain,Therapy - Chronic Pain,0.0,1.0,0.0,0.0,Informational therapy research query. Keep visible unless the client wants tighter pruning.,"Reply Focus, Keep, or Exclude."
what to do for irritable bowel syndrome,Keep,Continue observing,ARC - Search - Services,Therapy - IBS & Gut Health,Therapy - IBS & Gut Health,0.0,1.0,0.0,0.0,Informational therapy research query. Keep visible unless the client wants tighter pruning.,"Reply Focus, Keep, or Exclude."
what type of doctor treats ibs,Keep,Continue observing,ARC - Search - Services,Therapy - IBS & Gut Health,Therapy - IBS & Gut Health,0.0,1.0,0.0,0.0,Informational therapy research query. Keep visible unless the client wants tighter pruning.,"Reply Focus, Keep, or Exclude."
which align probiotic is best for ibs,Exclude,Do not stage yet,ARC - Search - Services,Therapy - IBS & Gut Health,Therapy - IBS & Gut Health,0.0,1.0,0.0,0.0,"Likely non-service, provider, institution, supplement, procedure, or clinic-seeking intent.","Reply Focus, Keep, or Exclude."
wilderman clinic toronto,Exclude,Do not stage yet,ARC - Search - Services,Therapy - Chronic Pain,Therapy - Chronic Pain,0.0,1.0,0.0,0.0,"Likely non-service, provider, institution, supplement, procedure, or clinic-seeking intent.","Reply Focus, Keep, or Exclude."
women's trauma recovery centre,Keep,Continue observing,ARC - Search - Services,Therapy - Trauma & PTSD,Therapy - Trauma & PTSD,0.0,1.0,0.0,0.0,Low-risk exploratory query with no urgent action from this report.,"Reply Focus, Keep, or Exclude."
yoga for ibs and anxiety,Keep,Continue observing,ARC - Search - Services,Therapy - IBS & Gut Health,Therapy - IBS & Gut Health,0.0,1.0,0.0,0.0,Low-risk exploratory query with no urgent action from this report.,"Reply Focus, Keep, or Exclude."
your therapy toronto,Keep,Continue observing,ARC - Search - Services,Therapy - Chronic Illness,Therapy - Chronic Illness,0.0,1.0,0.0,0.0,Low-risk exploratory query with no urgent action from this report.,"Reply Focus, Keep, or Exclude."
yourfibrodoctor,Keep,Continue observing,ARC - Search - Services,Therapy - Chronic Pain,Therapy - Chronic Pain,0.0,1.0,0.0,0.0,Low-risk exploratory query with no urgent action from this report.,"Reply Focus, Keep, or Exclude."
