Campaign,Asset Group,Keywords,Theme Type,Geographic Focus
wrights_lee_county_pmax,impact_windows_fort_myers_near_me,impact windows fort myers near me,Service + Near Me,"Fort Myers, Lee County County"
wrights_lee_county_pmax,impact_doors_fort_myers_near_me,impact doors fort myers near me,Service + Near Me,"Fort Myers, Lee County County"
wrights_lee_county_pmax,hurricane_protection_fort_myers_near_me,hurricane protection fort myers near me,Service + Near Me,"Fort Myers, Lee County County"
wrights_lee_county_pmax,energy_efficiency_fort_myers_near_me,energy efficiency fort myers near me,Service + Near Me,"Fort Myers, Lee County County"
wrights_lee_county_pmax,commercial_solutions_fort_myers_near_me,commercial solutions fort myers near me,Service + Near Me,"Fort Myers, Lee County County"
wrights_lee_county_pmax,impact_windows_cape_coral_near_me,impact windows cape coral near me,Service + Near Me,"Cape Coral, Lee County County"
wrights_lee_county_pmax,impact_doors_cape_coral_near_me,impact doors cape coral near me,Service + Near Me,"Cape Coral, Lee County County"
wrights_lee_county_pmax,hurricane_protection_cape_coral_near_me,hurricane protection cape coral near me,Service + Near Me,"Cape Coral, Lee County County"
wrights_lee_county_pmax,energy_efficiency_cape_coral_near_me,energy efficiency cape coral near me,Service + Near Me,"Cape Coral, Lee County County"
wrights_lee_county_pmax,commercial_solutions_cape_coral_near_me,commercial solutions cape coral near me,Service + Near Me,"Cape Coral, Lee County County"
wrights_lee_county_pmax,impact_windows_naples_near_me,impact windows naples near me,Service + Near Me,"Naples, Lee County County"
wrights_lee_county_pmax,impact_doors_naples_near_me,impact doors naples near me,Service + Near Me,"Naples, Lee County County"
wrights_lee_county_pmax,hurricane_protection_naples_near_me,hurricane protection naples near me,Service + Near Me,"Naples, Lee County County"
wrights_lee_county_pmax,energy_efficiency_naples_near_me,energy efficiency naples near me,Service + Near Me,"Naples, Lee County County"
wrights_lee_county_pmax,commercial_solutions_naples_near_me,commercial solutions naples near me,Service + Near Me,"Naples, Lee County County"
wrights_broward_county_pmax,impact_windows_fort_lauderdale_near_me,impact windows fort lauderdale near me,Service + Near Me,"Fort Lauderdale, Broward County County"
wrights_broward_county_pmax,impact_doors_fort_lauderdale_near_me,impact doors fort lauderdale near me,Service + Near Me,"Fort Lauderdale, Broward County County"
wrights_broward_county_pmax,hurricane_protection_fort_lauderdale_near_me,hurricane protection fort lauderdale near me,Service + Near Me,"Fort Lauderdale, Broward County County"
wrights_broward_county_pmax,energy_efficiency_fort_lauderdale_near_me,energy efficiency fort lauderdale near me,Service + Near Me,"Fort Lauderdale, Broward County County"
wrights_broward_county_pmax,commercial_solutions_fort_lauderdale_near_me,commercial solutions fort lauderdale near me,Service + Near Me,"Fort Lauderdale, Broward County County"
wrights_broward_county_pmax,impact_windows_pompano_beach_near_me,impact windows pompano beach near me,Service + Near Me,"Pompano Beach, Broward County County"
wrights_broward_county_pmax,impact_doors_pompano_beach_near_me,impact doors pompano beach near me,Service + Near Me,"Pompano Beach, Broward County County"
wrights_broward_county_pmax,hurricane_protection_pompano_beach_near_me,hurricane protection pompano beach near me,Service + Near Me,"Pompano Beach, Broward County County"
wrights_broward_county_pmax,energy_efficiency_pompano_beach_near_me,energy efficiency pompano beach near me,Service + Near Me,"Pompano Beach, Broward County County"
wrights_broward_county_pmax,commercial_solutions_pompano_beach_near_me,commercial solutions pompano beach near me,Service + Near Me,"Pompano Beach, Broward County County"
wrights_broward_county_pmax,impact_windows_hollywood_near_me,impact windows hollywood near me,Service + Near Me,"Hollywood, Broward County County"
wrights_broward_county_pmax,impact_doors_hollywood_near_me,impact doors hollywood near me,Service + Near Me,"Hollywood, Broward County County"
wrights_broward_county_pmax,hurricane_protection_hollywood_near_me,hurricane protection hollywood near me,Service + Near Me,"Hollywood, Broward County County"
wrights_broward_county_pmax,energy_efficiency_hollywood_near_me,energy efficiency hollywood near me,Service + Near Me,"Hollywood, Broward County County"
wrights_broward_county_pmax,commercial_solutions_hollywood_near_me,commercial solutions hollywood near me,Service + Near Me,"Hollywood, Broward County County"
